subname,hand_response,session,event,source,channel,side,onset_s,onset_min,time_in_session_s,wall_time,onset_absolute,duration_s,delta_since_last_RR,irt,irt_roll,cv_irt_roll,streak_response,streak_reset,is_mirror,scorer,scored_at
TT001,L,pre-session,Response,manual,Right Ring+Pinky,right,1258.4665,20.9744,1258.4665,2026-07-03 14:29:53.716,1258.4665,1.7418,,,,,1.0,0.0,False,Ilo,2026-09-03 16:28:45
TT001,L,pre-session,Response,manual,Right Thumb,right,1258.4665,20.9744,1258.4665,2026-07-03 14:29:53.716,1258.4665,1.7418,,,,,,,True,Ilo,2026-09-03 16:28:45
TT001,L,pre-session,Response,manual,Right Ring+Pinky,right,1279.7575,21.3293,1279.7575,2026-07-03 14:30:15.007,1279.7575,0.9051,21.291,21.291,,,2.0,0.0,False,Ilo,2026-09-03 16:28:31
TT001,L,pre-session,Response,manual,Right Thumb,right,1279.7575,21.3293,1279.7575,2026-07-03 14:30:15.007,1279.7575,0.9051,,,,,,,True,Ilo,2026-09-03 16:28:31
TT001,L,pre-session,Reset,manual,Left Index+Middle,left,1282.4214,21.3737,1282.4214,2026-07-03 14:30:17.671,1282.4214,1.0417,,,,,,,True,Ilo,2026-09-03 16:28:37
TT001,L,pre-session,Reset,manual,Left Ring+Pinky,left,1282.4214,21.3737,1282.4214,2026-07-03 14:30:17.671,1282.4214,1.0417,,,,,,,True,Ilo,2026-09-03 16:28:37
TT001,L,pre-session,Reset,manual,Left Thumb,left,1282.4214,21.3737,1282.4214,2026-07-03 14:30:17.671,1282.4214,1.0417,2.6639,,,,0.0,1.0,False,Ilo,2026-09-03 16:28:37
TT001,L,Session 1,Start Session 1,trigger,,,1309.934,21.8322,0.0,2026-07-03 14:30:45.184,1309.934,,,,,,,,False,,
TT001,L,Session 1,No Rep Probe,trigger,,,1310.366,21.8394,0.432,2026-07-03 14:30:45.616,1310.366,,,,,,,,False,,
TT001,L,Session 1,Sched Probe,trigger,,,1310.798,21.8466,0.864,2026-07-03 14:30:46.048,1310.798,,,,,,,,False,,
TT001,L,Session 1,Manual Probe,trigger,,,1311.228,21.8538,1.294,2026-07-03 14:30:46.478,1311.228,,,,,,,,False,,
TT001,L,Session 1,End Probe,trigger,,,1311.66,21.861,1.726,2026-07-03 14:30:46.910,1311.66,,,,,,,,False,,
TT001,L,Session 1,End Session 1,trigger,,,1312.092,21.8682,2.158,2026-07-03 14:30:47.342,1312.092,,,,,,,,False,,
TT001,L,Session 1,Break,trigger,,,1312.524,21.8754,2.59,2026-07-03 14:30:47.774,1312.524,,,,,,,,False,,
TT001,L,Session 1,EndBreak,trigger,,,1312.952,21.8825,3.018,2026-07-03 14:30:48.202,1312.952,,,,,,,,False,,
TT001,L,Session 1,Correct/Undo,trigger,,,1313.38,21.8897,3.446,2026-07-03 14:30:48.630,1313.38,,,,,,,,False,,
TT001,L,Session 1,trigger resp BTN,trigger,,,1313.814,21.8969,3.88,2026-07-03 14:30:49.064,1313.814,,,,,,,,False,,
TT001,L,Session 1,trigger reset BTN,trigger,,,1314.254,21.9042,4.32,2026-07-03 14:30:49.504,1314.254,,,,,,,,False,,
TT001,L,Session 1,Rep Probe,trigger,,,1314.718,21.912,4.784,2026-07-03 14:30:49.968,1314.718,,,,,,,,False,,
TT001,L,Session 1,Reset Probe,trigger,,,1315.158,21.9193,5.224,2026-07-03 14:30:50.408,1315.158,,,,,,,,False,,
TT001,L,Session 1,Safety Probe,trigger,,,1315.586,21.9264,5.652,2026-07-03 14:30:50.836,1315.586,,,,,,,,False,,
TT001,L,Session 2,Start Session 2,trigger,,,1319.078,21.9846,0.0,2026-07-03 14:30:54.328,1319.078,,,,,,,,False,,
TT001,L,Session 2,Response,manual,Right Ring+Pinky,right,1330.8333,22.1806,11.7553,2026-07-03 14:31:06.083,1330.8333,1.2295,,,,,,,True,Ilo,2026-09-03 16:31:45
TT001,L,Session 2,Response,manual,Right Thumb,right,1330.8333,22.1806,11.7553,2026-07-03 14:31:06.083,1330.8333,1.2295,,,,,1.0,0.0,False,Ilo,2026-09-03 16:31:45
TT001,L,Session 2,trigger resp BTN,trigger,,,1333.352,22.2225,14.274,2026-07-03 14:31:08.602,1333.352,,,,,,,,False,,
TT001,L,Session 2,trigger resp BTN,trigger,,,1349.222,22.487,30.144,2026-07-03 14:31:24.472,1349.222,,,,,,,,False,,
TT001,L,Session 2,Sched Probe,trigger,,,1381.892,23.0315,62.814,2026-07-03 14:31:57.142,1381.892,,,,,,,,False,,
TT001,L,Session 2,End Probe,trigger,,,1514.96,25.2493,195.882,2026-07-03 14:34:10.210,1514.96,,,,,,,,False,,
TT001,L,Session 2,End Session 2,trigger,,,1514.996,25.2499,195.918,2026-07-03 14:34:10.246,1514.996,,,,,,,,False,,
TT001,L,Session 3,Start Session 3,trigger,,,1614.568,26.9095,0.0,2026-07-03 14:35:49.818,1614.568,,,,,,,,False,,
TT001,L,Session 3,Response,manual,Right Ring+Pinky,right,1647.993,27.4666,33.425,2026-07-03 14:36:23.243,1647.993,0.9477,,,,,1.0,0.0,False,Ilo,2026-09-03 16:42:16
TT001,L,Session 3,Response,manual,Right Thumb,right,1647.993,27.4666,33.425,2026-07-03 14:36:23.243,1647.993,0.9477,,,,,,,True,Ilo,2026-09-03 16:42:16
TT001,L,Session 3,trigger resp BTN,trigger,,,1651.032,27.5172,36.464,2026-07-03 14:36:26.282,1651.032,,,,,,,,False,,
TT001,L,Session 3,trigger reset BTN,trigger,,,1658.176,27.6363,43.608,2026-07-03 14:36:33.426,1658.176,,,,,,,,False,,
TT001,L,Session 3,Correct/Undo,trigger,,,1658.204,27.6367,43.636,2026-07-03 14:36:33.454,1658.204,,,,,,,,False,,
TT001,L,Session 3,Response,manual,Right Ring+Pinky,right,1683.449,28.0575,68.881,2026-07-03 14:36:58.699,1683.449,1.332,35.456,35.456,,,2.0,0.0,False,Ilo,2026-09-03 16:42:20
TT001,L,Session 3,Response,manual,Right Thumb,right,1683.449,28.0575,68.881,2026-07-03 14:36:58.699,1683.449,1.332,,,,,,,True,Ilo,2026-09-03 16:42:20
TT001,L,Session 3,trigger reset BTN,trigger,,,1690.184,28.1697,75.616,2026-07-03 14:37:05.434,1690.184,,,,,,,,False,,
TT001,L,Session 3,Response,manual,Right Ring+Pinky,right,1717.5985,28.6266,103.0305,2026-07-03 14:37:32.848,1717.5985,1.3063,34.1495,34.1495,34.8028,2.65,3.0,0.0,False,Ilo,2026-09-03 16:42:24
TT001,L,Session 3,Response,manual,Right Thumb,right,1717.5985,28.6266,103.0305,2026-07-03 14:37:32.848,1717.5985,1.3063,,,,,,,True,Ilo,2026-09-03 16:42:24
TT001,L,Session 3,Break,trigger,,,1730.078,28.8346,115.51,2026-07-03 14:37:45.328,1730.078,,,,,,,,False,,
TT001,L,Session 3,Response,manual,Right Ring+Pinky,right,1750.8998,29.1817,136.3318,2026-07-03 14:38:06.150,1750.8998,1.1755,,,34.8028,2.65,1.0,0.0,False,Ilo,2026-09-03 16:44:57
TT001,L,Session 3,Response,manual,Right Thumb,right,1750.8998,29.1817,136.3318,2026-07-03 14:38:06.150,1750.8998,1.1755,,,,,,,True,Ilo,2026-09-03 16:44:57
TT001,L,Session 3,EndBreak,trigger,,,1803.208,30.0535,188.64,2026-07-03 14:38:58.458,1803.208,,,,,,,,False,,
TT001,L,Session 3,Response,manual,Right Ring+Pinky,right,1817.3893,30.2898,202.8213,2026-07-03 14:39:12.639,1817.3893,1.3033,66.4895,66.4895,45.365,40.35,2.0,0.0,False,Ilo,2026-09-03 16:45:11
TT001,L,Session 3,Response,manual,Right Thumb,right,1817.3893,30.2898,202.8213,2026-07-03 14:39:12.639,1817.3893,1.3033,,,,,,,True,Ilo,2026-09-03 16:45:11
TT001,L,Session 3,trigger reset BTN,trigger,,,1824.096,30.4016,209.528,2026-07-03 14:39:19.346,1824.096,,,,,,,,False,,
TT001,L,Session 3,Response,manual,Right Ring+Pinky,right,1848.7182,30.812,234.1502,2026-07-03 14:39:43.968,1848.7182,1.3289,31.3289,31.3289,41.856,39.45,3.0,0.0,False,Ilo,2026-09-03 16:45:15
TT001,L,Session 3,Response,manual,Right Thumb,right,1848.7182,30.812,234.1502,2026-07-03 14:39:43.968,1848.7182,1.3289,,,,,,,True,Ilo,2026-09-03 16:45:15
TT001,L,Session 3,trigger reset BTN,trigger,,,1851.842,30.864,237.274,2026-07-03 14:39:47.092,1851.842,,,,,,,,False,,
TT001,L,Session 3,trigger reset BTN,trigger,,,1885.568,31.4261,271.0,2026-07-03 14:40:20.818,1885.568,,,,,,,,False,,
TT001,L,Session 3,trigger reset BTN,trigger,,,1917.344,31.9557,302.776,2026-07-03 14:40:52.594,1917.344,,,,,,,,False,,
TT001,L,Session 3,trigger reset BTN,trigger,,,1948.906,32.4818,334.338,2026-07-03 14:41:24.156,1948.906,,,,,,,,False,,
TT001,L,Session 3,trigger resp BTN,trigger,,,1981.448,33.0241,366.88,2026-07-03 14:41:56.698,1981.448,,,,,,,,False,,
TT001,L,Session 3,trigger resp BTN,trigger,,,2019.482,33.658,404.914,2026-07-03 14:42:34.732,2019.482,,,,,,,,False,,
TT001,L,Session 3,trigger resp BTN,trigger,,,2052.776,34.2129,438.208,2026-07-03 14:43:08.026,2052.776,,,,,,,,False,,
TT001,L,Session 3,trigger resp BTN,trigger,,,2089.076,34.8179,474.508,2026-07-03 14:43:44.326,2089.076,,,,,,,,False,,
TT001,L,Session 3,trigger resp BTN,trigger,,,2123.322,35.3887,508.754,2026-07-03 14:44:18.572,2123.322,,,,,,,,False,,
TT001,L,Session 3,trigger resp BTN,trigger,,,2169.99,36.1665,555.422,2026-07-03 14:45:05.240,2169.99,,,,,,,,False,,
TT001,L,Session 3,trigger resp BTN,trigger,,,2206.12,36.7687,591.552,2026-07-03 14:45:41.370,2206.12,,,,,,,,False,,
TT001,L,Session 3,trigger resp BTN,trigger,,,2242.55,37.3758,627.982,2026-07-03 14:46:17.800,2242.55,,,,,,,,False,,
TT001,L,Session 3,trigger resp BTN,trigger,,,2268.942,37.8157,654.374,2026-07-03 14:46:44.192,2268.942,,,,,,,,False,,
TT001,L,Session 3,trigger resp BTN,trigger,,,2306.638,38.444,692.07,2026-07-03 14:47:21.888,2306.638,,,,,,,,False,,
TT001,L,Session 3,trigger resp BTN,trigger,,,2348.74,39.1457,734.172,2026-07-03 14:48:03.990,2348.74,,,,,,,,False,,
TT001,L,Session 3,trigger resp BTN,trigger,,,2385.186,39.7531,770.618,2026-07-03 14:48:40.436,2385.186,,,,,,,,False,,
TT001,L,Session 3,trigger resp BTN,trigger,,,2422.794,40.3799,808.226,2026-07-03 14:49:18.044,2422.794,,,,,,,,False,,
TT001,L,Session 3,trigger resp BTN,trigger,,,2467.92,41.132,853.352,2026-07-03 14:50:03.170,2467.92,,,,,,,,False,,
TT001,L,Session 3,trigger resp BTN,trigger,,,2511.19,41.8532,896.622,2026-07-03 14:50:46.440,2511.19,,,,,,,,False,,
TT001,L,Session 3,trigger resp BTN,trigger,,,2554.154,42.5692,939.586,2026-07-03 14:51:29.404,2554.154,,,,,,,,False,,
TT001,L,Session 3,Sched Probe,trigger,,,2590.45,43.1742,975.882,2026-07-03 14:52:05.700,2590.45,,,,,,,,False,,
TT001,L,Session 3,End Probe,trigger,,,2760.678,46.0113,1146.11,2026-07-03 14:54:55.928,2760.678,,,,,,,,False,,
TT001,L,Session 3,End Session 3,trigger,,,2760.712,46.0119,1146.144,2026-07-03 14:54:55.962,2760.712,,,,,,,,False,,
TT001,L,Session 4,Start Session 4,trigger,,,3033.152,50.5525,0.0,2026-07-03 14:59:28.402,3033.152,,,,,,,,False,,
TT001,L,Session 4,trigger resp BTN,trigger,,,3071.21,51.1868,38.058,2026-07-03 15:00:06.460,3071.21,,,,,,,,False,,
TT001,L,Session 4,trigger resp BTN,trigger,,,3107.258,51.7876,74.106,2026-07-03 15:00:42.508,3107.258,,,,,,,,False,,
TT001,L,Session 4,trigger resp BTN,trigger,,,3147.38,52.4563,114.228,2026-07-03 15:01:22.630,3147.38,,,,,,,,False,,
TT001,L,Session 4,trigger resp BTN,trigger,,,3185.9,53.0983,152.748,2026-07-03 15:02:01.150,3185.9,,,,,,,,False,,
TT001,L,Session 4,trigger resp BTN,trigger,,,3221.652,53.6942,188.5,2026-07-03 15:02:36.902,3221.652,,,,,,,,False,,
TT001,L,Session 4,trigger resp BTN,trigger,,,3255.152,54.2525,222.0,2026-07-03 15:03:10.402,3255.152,,,,,,,,False,,
TT001,L,Session 4,trigger resp BTN,trigger,,,3293.526,54.8921,260.374,2026-07-03 15:03:48.776,3293.526,,,,,,,,False,,
TT001,L,Session 4,trigger resp BTN,trigger,,,3333.034,55.5506,299.882,2026-07-03 15:04:28.284,3333.034,,,,,,,,False,,
TT001,L,Session 4,trigger resp BTN,trigger,,,3373.228,56.2205,340.076,2026-07-03 15:05:08.478,3373.228,,,,,,,,False,,
TT001,L,Session 4,trigger resp BTN,trigger,,,3407.714,56.7952,374.562,2026-07-03 15:05:42.964,3407.714,,,,,,,,False,,
TT001,L,Session 4,trigger resp BTN,trigger,,,3444.996,57.4166,411.844,2026-07-03 15:06:20.246,3444.996,,,,,,,,False,,
TT001,L,Session 4,trigger resp BTN,trigger,,,3489.316,58.1553,456.164,2026-07-03 15:07:04.566,3489.316,,,,,,,,False,,
TT001,L,Session 4,trigger resp BTN,trigger,,,3517.208,58.6201,484.056,2026-07-03 15:07:32.458,3517.208,,,,,,,,False,,
TT001,L,Session 4,trigger resp BTN,trigger,,,3553.956,59.2326,520.804,2026-07-03 15:08:09.206,3553.956,,,,,,,,False,,
TT001,L,Session 4,trigger resp BTN,trigger,,,3587.586,59.7931,554.434,2026-07-03 15:08:42.836,3587.586,,,,,,,,False,,
TT001,L,Session 4,trigger resp BTN,trigger,,,3621.656,60.3609,588.504,2026-07-03 15:09:16.906,3621.656,,,,,,,,False,,
TT001,L,Session 4,trigger resp BTN,trigger,,,3678.028,61.3005,644.876,2026-07-03 15:10:13.278,3678.028,,,,,,,,False,,
TT001,L,Session 4,trigger resp BTN,trigger,,,3717.214,61.9536,684.062,2026-07-03 15:10:52.464,3717.214,,,,,,,,False,,
TT001,L,Session 4,trigger resp BTN,trigger,,,3736.07,62.2678,702.918,2026-07-03 15:11:11.320,3736.07,,,,,,,,False,,
TT001,L,Session 4,trigger resp BTN,trigger,,,3773.454,62.8909,740.302,2026-07-03 15:11:48.704,3773.454,,,,,,,,False,,
TT001,L,Session 4,trigger resp BTN,trigger,,,3814.054,63.5676,780.902,2026-07-03 15:12:29.304,3814.054,,,,,,,,False,,
TT001,L,Session 4,trigger resp BTN,trigger,,,3827.0,63.7833,793.848,2026-07-03 15:12:42.250,3827.0,,,,,,,,False,,
TT001,L,Session 4,trigger resp BTN,trigger,,,3865.372,64.4229,832.22,2026-07-03 15:13:20.622,3865.372,,,,,,,,False,,
TT001,L,Session 4,trigger resp BTN,trigger,,,3907.334,65.1222,874.182,2026-07-03 15:14:02.584,3907.334,,,,,,,,False,,
TT001,L,Session 4,trigger resp BTN,trigger,,,3946.878,65.7813,913.726,2026-07-03 15:14:42.128,3946.878,,,,,,,,False,,
TT001,L,Session 4,trigger resp BTN,trigger,,,3990.576,66.5096,957.424,2026-07-03 15:15:25.826,3990.576,,,,,,,,False,,
TT001,L,Session 4,trigger resp BTN,trigger,,,4040.452,67.3409,1007.3,2026-07-03 15:16:15.702,4040.452,,,,,,,,False,,
TT001,L,Session 4,trigger resp BTN,trigger,,,4086.204,68.1034,1053.052,2026-07-03 15:17:01.454,4086.204,,,,,,,,False,,
TT001,L,Session 4,trigger resp BTN,trigger,,,4130.926,68.8488,1097.774,2026-07-03 15:17:46.176,4130.926,,,,,,,,False,,
TT001,L,Session 4,trigger resp BTN,trigger,,,4209.106,70.1518,1175.954,2026-07-03 15:19:04.356,4209.106,,,,,,,,False,,
TT001,L,Session 4,trigger resp BTN,trigger,,,4243.718,70.7286,1210.566,2026-07-03 15:19:38.968,4243.718,,,,,,,,False,,
TT001,L,Session 4,trigger resp BTN,trigger,,,4279.018,71.317,1245.866,2026-07-03 15:20:14.268,4279.018,,,,,,,,False,,
TT001,L,Session 4,trigger resp BTN,trigger,,,4315.396,71.9233,1282.244,2026-07-03 15:20:50.646,4315.396,,,,,,,,False,,
TT001,L,Session 4,trigger resp BTN,trigger,,,4350.94,72.5157,1317.788,2026-07-03 15:21:26.190,4350.94,,,,,,,,False,,
TT001,L,Session 4,trigger resp BTN,trigger,,,4384.984,73.0831,1351.832,2026-07-03 15:22:00.234,4384.984,,,,,,,,False,,
TT001,L,Session 4,trigger resp BTN,trigger,,,4421.112,73.6852,1387.96,2026-07-03 15:22:36.362,4421.112,,,,,,,,False,,
TT001,L,Session 4,trigger resp BTN,trigger,,,4470.034,74.5006,1436.882,2026-07-03 15:23:25.284,4470.034,,,,,,,,False,,
TT001,L,Session 4,trigger resp BTN,trigger,,,4510.254,75.1709,1477.102,2026-07-03 15:24:05.504,4510.254,,,,,,,,False,,
TT001,L,Session 4,trigger resp BTN,trigger,,,4545.872,75.7645,1512.72,2026-07-03 15:24:41.122,4545.872,,,,,,,,False,,
TT001,L,Session 4,trigger resp BTN,trigger,,,4606.74,76.779,1573.588,2026-07-03 15:25:41.990,4606.74,,,,,,,,False,,
TT001,L,Session 4,trigger resp BTN,trigger,,,4634.51,77.2418,1601.358,2026-07-03 15:26:09.760,4634.51,,,,,,,,False,,
TT001,L,Session 4,trigger resp BTN,trigger,,,4667.988,77.7998,1634.836,2026-07-03 15:26:43.238,4667.988,,,,,,,,False,,
TT001,L,Session 4,No Rep Probe,trigger,,,4758.038,79.3006,1724.886,2026-07-03 15:28:13.288,4758.038,,,,,,,,False,,
TT001,L,Session 4,End Probe,trigger,,,4914.754,81.9126,1881.602,2026-07-03 15:30:50.004,4914.754,,,,,,,,False,,
TT001,L,Session 4,End Session 4,trigger,,,4914.81,81.9135,1881.658,2026-07-03 15:30:50.060,4914.81,,,,,,,,False,,
TT001,L,Session 5,Start Session 5,trigger,,,5044.502,84.075,0.0,2026-07-03 15:32:59.752,5044.502,,,,,,,,False,,
TT001,L,Session 5,trigger resp BTN,trigger,,,5084.87,84.7478,40.368,2026-07-03 15:33:40.120,5084.87,,,,,,,,False,,
TT001,L,Session 5,trigger resp BTN,trigger,,,5115.982,85.2664,71.48,2026-07-03 15:34:11.232,5115.982,,,,,,,,False,,
TT001,L,Session 5,trigger resp BTN,trigger,,,5146.238,85.7706,101.736,2026-07-03 15:34:41.488,5146.238,,,,,,,,False,,
TT001,L,Session 5,Rep Probe,trigger,,,5146.288,85.7715,101.786,2026-07-03 15:34:41.538,5146.288,,,,,,,,False,,
TT001,L,Session 5,End Probe,trigger,,,5223.988,87.0665,179.486,2026-07-03 15:35:59.238,5223.988,,,,,,,,False,,
TT001,L,Session 5,trigger resp BTN,trigger,,,5270.086,87.8348,225.584,2026-07-03 15:36:45.336,5270.086,,,,,,,,False,,
TT001,L,Session 5,trigger reset BTN,trigger,,,5301.428,88.3571,256.926,2026-07-03 15:37:16.678,5301.428,,,,,,,,False,,
TT001,L,Session 5,trigger resp BTN,trigger,,,5328.958,88.816,284.456,2026-07-03 15:37:44.208,5328.958,,,,,,,,False,,
TT001,L,Session 5,trigger resp BTN,trigger,,,5359.644,89.3274,315.142,2026-07-03 15:38:14.894,5359.644,,,,,,,,False,,
TT001,L,Session 5,trigger resp BTN,trigger,,,5387.666,89.7944,343.164,2026-07-03 15:38:42.916,5387.666,,,,,,,,False,,
TT001,L,Session 5,trigger resp BTN,trigger,,,5417.586,90.2931,373.084,2026-07-03 15:39:12.836,5417.586,,,,,,,,False,,
TT001,L,Session 5,trigger resp BTN,trigger,,,5448.83,90.8138,404.328,2026-07-03 15:39:44.080,5448.83,,,,,,,,False,,
TT001,L,Session 5,Rep Probe,trigger,,,5448.862,90.8144,404.36,2026-07-03 15:39:44.112,5448.862,,,,,,,,False,,
TT001,L,Session 5,End Probe,trigger,,,5524.778,92.0796,480.276,2026-07-03 15:41:00.028,5524.778,,,,,,,,False,,
TT001,L,Session 5,trigger resp BTN,trigger,,,5562.578,92.7096,518.076,2026-07-03 15:41:37.828,5562.578,,,,,,,,False,,
TT001,L,Session 5,trigger resp BTN,trigger,,,5598.562,93.3094,554.06,2026-07-03 15:42:13.812,5598.562,,,,,,,,False,,
TT001,L,Session 5,trigger resp BTN,trigger,,,5633.14,93.8857,588.638,2026-07-03 15:42:48.390,5633.14,,,,,,,,False,,
TT001,L,Session 5,trigger resp BTN,trigger,,,5668.456,94.4743,623.954,2026-07-03 15:43:23.706,5668.456,,,,,,,,False,,
TT001,L,Session 5,trigger resp BTN,trigger,,,5705.878,95.098,661.376,2026-07-03 15:44:01.128,5705.878,,,,,,,,False,,
TT001,L,Session 5,trigger resp BTN,trigger,,,5741.262,95.6877,696.76,2026-07-03 15:44:36.512,5741.262,,,,,,,,False,,
TT001,L,Session 5,trigger resp BTN,trigger,,,5774.322,96.2387,729.82,2026-07-03 15:45:09.572,5774.322,,,,,,,,False,,
TT001,L,Session 5,trigger resp BTN,trigger,,,5806.716,96.7786,762.214,2026-07-03 15:45:41.966,5806.716,,,,,,,,False,,
TT001,L,Session 5,Rep Probe,trigger,,,5806.756,96.7793,762.254,2026-07-03 15:45:42.006,5806.756,,,,,,,,False,,
TT001,L,Session 5,End Probe,trigger,,,5886.642,98.1107,842.14,2026-07-03 15:47:01.892,5886.642,,,,,,,,False,,
TT001,L,Session 5,trigger resp BTN,trigger,,,5921.85,98.6975,877.348,2026-07-03 15:47:37.100,5921.85,,,,,,,,False,,
TT001,L,Session 5,trigger resp BTN,trigger,,,5954.186,99.2364,909.684,2026-07-03 15:48:09.436,5954.186,,,,,,,,False,,
TT001,L,Session 5,trigger resp BTN,trigger,,,5981.196,99.6866,936.694,2026-07-03 15:48:36.446,5981.196,,,,,,,,False,,
TT001,L,Session 5,trigger resp BTN,trigger,,,6021.744,100.3624,977.242,2026-07-03 15:49:16.994,6021.744,,,,,,,,False,,
TT001,L,Session 5,trigger resp BTN,trigger,,,6043.348,100.7225,998.846,2026-07-03 15:49:38.598,6043.348,,,,,,,,False,,
TT001,L,Session 5,trigger resp BTN,trigger,,,6071.19,101.1865,1026.688,2026-07-03 15:50:06.440,6071.19,,,,,,,,False,,
TT001,L,Session 5,trigger resp BTN,trigger,,,6133.164,102.2194,1088.662,2026-07-03 15:51:08.414,6133.164,,,,,,,,False,,
TT001,L,Session 5,trigger resp BTN,trigger,,,6164.838,102.7473,1120.336,2026-07-03 15:51:40.088,6164.838,,,,,,,,False,,
TT001,L,Session 5,Rep Probe,trigger,,,6164.872,102.7479,1120.37,2026-07-03 15:51:40.122,6164.872,,,,,,,,False,,
TT001,L,Session 5,End Probe,trigger,,,6247.206,104.1201,1202.704,2026-07-03 15:53:02.456,6247.206,,,,,,,,False,,
TT001,L,Session 5,trigger resp BTN,trigger,,,6296.268,104.9378,1251.766,2026-07-03 15:53:51.518,6296.268,,,,,,,,False,,
TT001,L,Session 5,trigger resp BTN,trigger,,,6329.89,105.4982,1285.388,2026-07-03 15:54:25.140,6329.89,,,,,,,,False,,
TT001,L,Session 5,trigger resp BTN,trigger,,,6375.298,106.255,1330.796,2026-07-03 15:55:10.548,6375.298,,,,,,,,False,,
TT001,L,Session 5,trigger resp BTN,trigger,,,6417.462,106.9577,1372.96,2026-07-03 15:55:52.712,6417.462,,,,,,,,False,,
TT001,L,Session 5,trigger resp BTN,trigger,,,6464.232,107.7372,1419.73,2026-07-03 15:56:39.482,6464.232,,,,,,,,False,,
TT001,L,Session 5,trigger resp BTN,trigger,,,6505.586,108.4264,1461.084,2026-07-03 15:57:20.836,6505.586,,,,,,,,False,,
TT001,L,Session 5,trigger resp BTN,trigger,,,6567.854,109.4642,1523.352,2026-07-03 15:58:23.104,6567.854,,,,,,,,False,,
TT001,L,Session 5,trigger resp BTN,trigger,,,6614.53,110.2422,1570.028,2026-07-03 15:59:09.780,6614.53,,,,,,,,False,,
TT001,L,Session 5,Rep Probe,trigger,,,6614.564,110.2427,1570.062,2026-07-03 15:59:09.814,6614.564,,,,,,,,False,,
TT001,L,Session 5,End Probe,trigger,,,6693.17,111.5528,1648.668,2026-07-03 16:00:28.420,6693.17,,,,,,,,False,,
TT001,L,Session 5,trigger resp BTN,trigger,,,6733.878,112.2313,1689.376,2026-07-03 16:01:09.128,6733.878,,,,,,,,False,,
TT001,L,Session 5,trigger resp BTN,trigger,,,6770.804,112.8467,1726.302,2026-07-03 16:01:46.054,6770.804,,,,,,,,False,,
TT001,L,Session 5,trigger resp BTN,trigger,,,6803.516,113.3919,1759.014,2026-07-03 16:02:18.766,6803.516,,,,,,,,False,,
TT001,L,Session 5,trigger resp BTN,trigger,,,6840.968,114.0161,1796.466,2026-07-03 16:02:56.218,6840.968,,,,,,,,False,,
TT001,L,Session 5,trigger reset BTN,trigger,,,6860.39,114.3398,1815.888,2026-07-03 16:03:15.640,6860.39,,,,,,,,False,,
TT001,L,Session 5,trigger resp BTN,trigger,,,6897.408,114.9568,1852.906,2026-07-03 16:03:52.658,6897.408,,,,,,,,False,,
TT001,L,Session 5,trigger resp BTN,trigger,,,6924.612,115.4102,1880.11,2026-07-03 16:04:19.862,6924.612,,,,,,,,False,,
TT001,L,Session 5,trigger resp BTN,trigger,,,6964.494,116.0749,1919.992,2026-07-03 16:04:59.744,6964.494,,,,,,,,False,,
TT001,L,Session 5,trigger resp BTN,trigger,,,7045.46,117.4243,2000.958,2026-07-03 16:06:20.710,7045.46,,,,,,,,False,,
TT001,L,Session 5,trigger resp BTN,trigger,,,7079.46,117.991,2034.958,2026-07-03 16:06:54.710,7079.46,,,,,,,,False,,
TT001,L,Session 5,trigger resp BTN,trigger,,,7124.502,118.7417,2080.0,2026-07-03 16:07:39.752,7124.502,,,,,,,,False,,
TT001,L,Session 5,trigger resp BTN,trigger,,,7159.652,119.3275,2115.15,2026-07-03 16:08:14.902,7159.652,,,,,,,,False,,
TT001,L,Session 5,trigger resp BTN,trigger,,,7200.462,120.0077,2155.96,2026-07-03 16:08:55.712,7200.462,,,,,,,,False,,
TT001,L,Session 5,Rep Probe,trigger,,,7200.506,120.0084,2156.004,2026-07-03 16:08:55.756,7200.506,,,,,,,,False,,
TT001,L,Session 5,End Probe,trigger,,,7279.998,121.3333,2235.496,2026-07-03 16:10:15.248,7279.998,,,,,,,,False,,
TT001,L,Session 5,trigger resp BTN,trigger,,,7319.934,121.9989,2275.432,2026-07-03 16:10:55.184,7319.934,,,,,,,,False,,
TT001,L,Session 5,trigger resp BTN,trigger,,,7360.55,122.6758,2316.048,2026-07-03 16:11:35.800,7360.55,,,,,,,,False,,
TT001,L,Session 5,trigger resp BTN,trigger,,,7394.166,123.2361,2349.664,2026-07-03 16:12:09.416,7394.166,,,,,,,,False,,
TT001,L,Session 5,trigger resp BTN,trigger,,,7429.218,123.8203,2384.716,2026-07-03 16:12:44.468,7429.218,,,,,,,,False,,
TT001,L,Session 5,trigger resp BTN,trigger,,,7470.446,124.5074,2425.944,2026-07-03 16:13:25.696,7470.446,,,,,,,,False,,
TT001,L,Session 5,trigger reset BTN,trigger,,,7498.862,124.981,2454.36,2026-07-03 16:13:54.112,7498.862,,,,,,,,False,,
TT001,L,Session 5,trigger resp BTN,trigger,,,7535.832,125.5972,2491.33,2026-07-03 16:14:31.082,7535.832,,,,,,,,False,,
TT001,L,Session 5,trigger resp BTN,trigger,,,7562.162,126.036,2517.66,2026-07-03 16:14:57.412,7562.162,,,,,,,,False,,
TT001,L,Session 5,trigger resp BTN,trigger,,,7597.766,126.6294,2553.264,2026-07-03 16:15:33.016,7597.766,,,,,,,,False,,
TT001,L,Session 5,trigger resp BTN,trigger,,,7625.842,127.0974,2581.34,2026-07-03 16:16:01.092,7625.842,,,,,,,,False,,
TT001,L,Session 5,trigger resp BTN,trigger,,,7655.384,127.5897,2610.882,2026-07-03 16:16:30.634,7655.384,,,,,,,,False,,
TT001,L,Session 5,trigger resp BTN,trigger,,,7694.178,128.2363,2649.676,2026-07-03 16:17:09.428,7694.178,,,,,,,,False,,
TT001,L,Session 5,trigger resp BTN,trigger,,,7749.278,129.1546,2704.776,2026-07-03 16:18:04.528,7749.278,,,,,,,,False,,
TT001,L,Session 5,trigger resp BTN,trigger,,,7787.91,129.7985,2743.408,2026-07-03 16:18:43.160,7787.91,,,,,,,,False,,
TT001,L,Session 5,Rep Probe,trigger,,,7787.942,129.799,2743.44,2026-07-03 16:18:43.192,7787.942,,,,,,,,False,,
TT001,L,Session 5,End Probe,trigger,,,7878.052,131.3009,2833.55,2026-07-03 16:20:13.302,7878.052,,,,,,,,False,,
TT001,L,Session 5,trigger resp BTN,trigger,,,7927.224,132.1204,2882.722,2026-07-03 16:21:02.474,7927.224,,,,,,,,False,,
TT001,L,Session 5,trigger resp BTN,trigger,,,7972.588,132.8765,2928.086,2026-07-03 16:21:47.838,7972.588,,,,,,,,False,,
TT001,L,Session 5,trigger resp BTN,trigger,,,8006.694,133.4449,2962.192,2026-07-03 16:22:21.944,8006.694,,,,,,,,False,,
TT001,L,Session 5,trigger resp BTN,trigger,,,8041.162,134.0194,2996.66,2026-07-03 16:22:56.412,8041.162,,,,,,,,False,,
TT001,L,Session 5,trigger resp BTN,trigger,,,8077.582,134.6264,3033.08,2026-07-03 16:23:32.832,8077.582,,,,,,,,False,,
TT001,L,Session 5,trigger reset BTN,trigger,,,8110.784,135.1797,3066.282,2026-07-03 16:24:06.034,8110.784,,,,,,,,False,,
TT001,L,Session 5,trigger resp BTN,trigger,,,8140.472,135.6745,3095.97,2026-07-03 16:24:35.722,8140.472,,,,,,,,False,,
TT001,L,Session 5,trigger resp BTN,trigger,,,8173.188,136.2198,3128.686,2026-07-03 16:25:08.438,8173.188,,,,,,,,False,,
TT001,L,Session 5,trigger resp BTN,trigger,,,8210.34,136.839,3165.838,2026-07-03 16:25:45.590,8210.34,,,,,,,,False,,
TT001,L,Session 5,trigger resp BTN,trigger,,,8244.844,137.4141,3200.342,2026-07-03 16:26:20.094,8244.844,,,,,,,,False,,
TT001,L,Session 5,trigger reset BTN,trigger,,,8281.434,138.0239,3236.932,2026-07-03 16:26:56.684,8281.434,,,,,,,,False,,
TT001,L,Session 5,trigger resp BTN,trigger,,,8316.934,138.6156,3272.432,2026-07-03 16:27:32.184,8316.934,,,,,,,,False,,
TT001,L,Session 5,trigger resp BTN,trigger,,,8349.922,139.1654,3305.42,2026-07-03 16:28:05.172,8349.922,,,,,,,,False,,
TT001,L,Session 5,trigger resp BTN,trigger,,,8384.624,139.7437,3340.122,2026-07-03 16:28:39.874,8384.624,,,,,,,,False,,
TT001,L,Session 5,trigger resp BTN,trigger,,,8421.148,140.3525,3376.646,2026-07-03 16:29:16.398,8421.148,,,,,,,,False,,
TT001,L,Session 5,trigger resp BTN,trigger,,,8454.5,140.9083,3409.998,2026-07-03 16:29:49.750,8454.5,,,,,,,,False,,
TT001,L,Session 5,trigger resp BTN,trigger,,,8496.122,141.602,3451.62,2026-07-03 16:30:31.372,8496.122,,,,,,,,False,,
TT001,L,Session 5,trigger resp BTN,trigger,,,8532.818,142.2136,3488.316,2026-07-03 16:31:08.068,8532.818,,,,,,,,False,,
TT001,L,Session 5,trigger resp BTN,trigger,,,8570.684,142.8447,3526.182,2026-07-03 16:31:45.934,8570.684,,,,,,,,False,,
TT001,L,Session 5,Rep Probe,trigger,,,8570.72,142.8453,3526.218,2026-07-03 16:31:45.970,8570.72,,,,,,,,False,,
TT001,L,Session 5,End Probe,trigger,,,8646.326,144.1054,3601.824,2026-07-03 16:33:01.576,8646.326,,,,,,,,False,,
TT001,L,Session 5,trigger resp BTN,trigger,,,8691.79,144.8632,3647.288,2026-07-03 16:33:47.040,8691.79,,,,,,,,False,,
TT001,L,Session 5,trigger resp BTN,trigger,,,8728.868,145.4811,3684.366,2026-07-03 16:34:24.118,8728.868,,,,,,,,False,,
TT001,L,Session 5,trigger resp BTN,trigger,,,8762.364,146.0394,3717.862,2026-07-03 16:34:57.614,8762.364,,,,,,,,False,,
TT001,L,Session 5,trigger resp BTN,trigger,,,8837.822,147.297,3793.32,2026-07-03 16:36:13.072,8837.822,,,,,,,,False,,
TT001,L,Session 5,trigger resp BTN,trigger,,,8877.564,147.9594,3833.062,2026-07-03 16:36:52.814,8877.564,,,,,,,,False,,
TT001,L,Session 5,trigger reset BTN,trigger,,,8949.706,149.1618,3905.204,2026-07-03 16:38:04.956,8949.706,,,,,,,,False,,
TT001,L,Session 5,trigger resp BTN,trigger,,,8994.778,149.913,3950.276,2026-07-03 16:38:50.028,8994.778,,,,,,,,False,,
TT001,L,Session 5,trigger resp BTN,trigger,,,9024.374,150.4062,3979.872,2026-07-03 16:39:19.624,9024.374,,,,,,,,False,,
TT001,L,Session 5,trigger resp BTN,trigger,,,9061.574,151.0262,4017.072,2026-07-03 16:39:56.824,9061.574,,,,,,,,False,,
TT001,L,Session 5,trigger resp BTN,trigger,,,9102.746,151.7124,4058.244,2026-07-03 16:40:37.996,9102.746,,,,,,,,False,,
TT001,L,Session 5,trigger resp BTN,trigger,,,9135.34,152.2557,4090.838,2026-07-03 16:41:10.590,9135.34,,,,,,,,False,,
TT001,L,Session 5,trigger resp BTN,trigger,,,9158.308,152.6385,4113.806,2026-07-03 16:41:33.558,9158.308,,,,,,,,False,,
TT001,L,Session 5,trigger resp BTN,trigger,,,9193.16,153.2193,4148.658,2026-07-03 16:42:08.410,9193.16,,,,,,,,False,,
TT001,L,Session 5,trigger resp BTN,trigger,,,9229.292,153.8215,4184.79,2026-07-03 16:42:44.542,9229.292,,,,,,,,False,,
TT001,L,Session 5,Rep Probe,trigger,,,9229.324,153.8221,4184.822,2026-07-03 16:42:44.574,9229.324,,,,,,,,False,,
TT001,L,Session 5,End Probe,trigger,,,9296.14,154.9357,4251.638,2026-07-03 16:43:51.390,9296.14,,,,,,,,False,,
TT001,L,Session 5,trigger resp BTN,trigger,,,9341.182,155.6864,4296.68,2026-07-03 16:44:36.432,9341.182,,,,,,,,False,,
TT001,L,Session 5,trigger resp BTN,trigger,,,9378.836,156.3139,4334.334,2026-07-03 16:45:14.086,9378.836,,,,,,,,False,,
TT001,L,Session 5,trigger resp BTN,trigger,,,9418.834,156.9806,4374.332,2026-07-03 16:45:54.084,9418.834,,,,,,,,False,,
TT001,L,Session 5,trigger resp BTN,trigger,,,9455.274,157.5879,4410.772,2026-07-03 16:46:30.524,9455.274,,,,,,,,False,,
TT001,L,Session 5,trigger resp BTN,trigger,,,9472.258,157.871,4427.756,2026-07-03 16:46:47.508,9472.258,,,,,,,,False,,
TT001,L,Session 5,trigger reset BTN,trigger,,,9499.76,158.3293,4455.258,2026-07-03 16:47:15.010,9499.76,,,,,,,,False,,
TT001,L,Session 5,trigger resp BTN,trigger,,,9527.508,158.7918,4483.006,2026-07-03 16:47:42.758,9527.508,,,,,,,,False,,
TT001,L,Session 5,trigger resp BTN,trigger,,,9549.742,159.1624,4505.24,2026-07-03 16:48:04.992,9549.742,,,,,,,,False,,
TT001,L,Session 5,trigger resp BTN,trigger,,,9597.262,159.9544,4552.76,2026-07-03 16:48:52.512,9597.262,,,,,,,,False,,
TT001,L,Session 5,trigger resp BTN,trigger,,,9647.578,160.793,4603.076,2026-07-03 16:49:42.828,9647.578,,,,,,,,False,,
TT001,L,Session 5,trigger resp BTN,trigger,,,9687.172,161.4529,4642.67,2026-07-03 16:50:22.422,9687.172,,,,,,,,False,,
TT001,L,Session 5,No Rep Probe,trigger,,,9777.182,162.953,4732.68,2026-07-03 16:51:52.432,9777.182,,,,,,,,False,,
TT001,L,Session 5,End Probe,trigger,,,9887.516,164.7919,4843.014,2026-07-03 16:53:42.766,9887.516,,,,,,,,False,,
TT001,L,Session 5,trigger resp BTN,trigger,,,9945.55,165.7592,4901.048,2026-07-03 16:54:40.800,9945.55,,,,,,,,False,,
TT001,L,Session 5,trigger resp BTN,trigger,,,9981.504,166.3584,4937.002,2026-07-03 16:55:16.754,9981.504,,,,,,,,False,,
TT001,L,Session 5,No Rep Probe,trigger,,,10071.512,167.8585,5027.01,2026-07-03 16:56:46.762,10071.512,,,,,,,,False,,
TT001,L,Session 5,End Probe,trigger,,,10171.612,169.5269,5127.11,2026-07-03 16:58:26.862,10171.612,,,,,,,,False,,
TT001,L,Session 5,trigger resp BTN,trigger,,,10220.558,170.3426,5176.056,2026-07-03 16:59:15.808,10220.558,,,,,,,,False,,
TT001,L,Session 5,trigger resp BTN,trigger,,,10266.982,171.1164,5222.48,2026-07-03 17:00:02.232,10266.982,,,,,,,,False,,
TT001,L,Session 5,trigger resp BTN,trigger,,,10301.246,171.6874,5256.744,2026-07-03 17:00:36.496,10301.246,,,,,,,,False,,
TT001,L,Session 5,trigger resp BTN,trigger,,,10352.058,172.5343,5307.556,2026-07-03 17:01:27.308,10352.058,,,,,,,,False,,
TT001,L,Session 5,Sched Probe,trigger,,,10444.526,174.0754,5400.024,2026-07-03 17:02:59.776,10444.526,,,,,,,,False,,
TT001,L,Session 5,End Probe,trigger,,,10560.32,176.0053,5515.818,2026-07-03 17:04:55.570,10560.32,,,,,,,,False,,
TT001,L,Session 5,End Session 5,trigger,,,10560.356,176.0059,5515.854,2026-07-03 17:04:55.606,10560.356,,,,,,,,False,,
TT001,L,Session 6,Start Session 6,trigger,,,11052.978,184.2163,0.0,2026-07-03 17:13:08.228,11052.978,,,,,,,,False,,
TT001,L,Session 6,No Rep Probe,trigger,,,11053.42,184.2237,0.442,2026-07-03 17:13:08.670,11053.42,,,,,,,,False,,
TT001,L,Session 6,Sched Probe,trigger,,,11053.848,184.2308,0.87,2026-07-03 17:13:09.098,11053.848,,,,,,,,False,,
TT001,L,Session 6,Manual Probe,trigger,,,11054.28,184.238,1.302,2026-07-03 17:13:09.530,11054.28,,,,,,,,False,,
TT001,L,Session 6,End Probe,trigger,,,11054.714,184.2452,1.736,2026-07-03 17:13:09.964,11054.714,,,,,,,,False,,
TT001,L,Session 6,End Session 6,trigger,,,11055.174,184.2529,2.196,2026-07-03 17:13:10.424,11055.174,,,,,,,,False,,
TT001,L,Session 6,Break,trigger,,,11055.602,184.26,2.624,2026-07-03 17:13:10.852,11055.602,,,,,,,,False,,
TT001,L,Session 6,EndBreak,trigger,,,11056.03,184.2672,3.052,2026-07-03 17:13:11.280,11056.03,,,,,,,,False,,
TT001,L,Session 6,Correct/Undo,trigger,,,11056.458,184.2743,3.48,2026-07-03 17:13:11.708,11056.458,,,,,,,,False,,
TT001,L,Session 6,trigger resp BTN,trigger,,,11056.886,184.2814,3.908,2026-07-03 17:13:12.136,11056.886,,,,,,,,False,,
TT001,L,Session 6,trigger reset BTN,trigger,,,11057.314,184.2886,4.336,2026-07-03 17:13:12.564,11057.314,,,,,,,,False,,
TT001,L,Session 6,Rep Probe,trigger,,,11057.746,184.2958,4.768,2026-07-03 17:13:12.996,11057.746,,,,,,,,False,,
TT001,L,Session 6,Reset Probe,trigger,,,11058.174,184.3029,5.196,2026-07-03 17:13:13.424,11058.174,,,,,,,,False,,
TT001,L,Session 6,Safety Probe,trigger,,,11058.602,184.31,5.624,2026-07-03 17:13:13.852,11058.602,,,,,,,,False,,
TT001,L,Session 7,Start Session 7,trigger,,,11068.908,184.4818,0.0,2026-07-03 17:13:24.158,11068.908,,,,,,,,False,,
TT001,L,Session 7,trigger resp BTN,trigger,,,11108.284,185.1381,39.376,2026-07-03 17:14:03.534,11108.284,,,,,,,,False,,
TT001,L,Session 7,trigger resp BTN,trigger,,,11140.028,185.6671,71.12,2026-07-03 17:14:35.278,11140.028,,,,,,,,False,,
TT001,L,Session 7,trigger resp BTN,trigger,,,11181.852,186.3642,112.944,2026-07-03 17:15:17.102,11181.852,,,,,,,,False,,
TT001,L,Session 7,trigger resp BTN,trigger,,,11224.22,187.0703,155.312,2026-07-03 17:15:59.470,11224.22,,,,,,,,False,,
TT001,L,Session 7,trigger resp BTN,trigger,,,11263.936,187.7323,195.028,2026-07-03 17:16:39.186,11263.936,,,,,,,,False,,
TT001,L,Session 7,trigger resp BTN,trigger,,,11305.28,188.4213,236.372,2026-07-03 17:17:20.530,11305.28,,,,,,,,False,,
TT001,L,Session 7,trigger resp BTN,trigger,,,11342.188,189.0365,273.28,2026-07-03 17:17:57.438,11342.188,,,,,,,,False,,
TT001,L,Session 7,trigger resp BTN,trigger,,,11382.42,189.707,313.512,2026-07-03 17:18:37.670,11382.42,,,,,,,,False,,
TT001,L,Session 7,trigger resp BTN,trigger,,,11423.802,190.3967,354.894,2026-07-03 17:19:19.052,11423.802,,,,,,,,False,,
TT001,L,Session 7,trigger resp BTN,trigger,,,11464.646,191.0774,395.738,2026-07-03 17:19:59.896,11464.646,,,,,,,,False,,
TT001,L,Session 7,trigger resp BTN,trigger,,,11502.61,191.7102,433.702,2026-07-03 17:20:37.860,11502.61,,,,,,,,False,,
TT001,L,Session 7,trigger resp BTN,trigger,,,11538.596,192.3099,469.688,2026-07-03 17:21:13.846,11538.596,,,,,,,,False,,
TT001,L,Session 7,trigger resp BTN,trigger,,,11580.886,193.0148,511.978,2026-07-03 17:21:56.136,11580.886,,,,,,,,False,,
TT001,L,Session 7,trigger resp BTN,trigger,,,11621.694,193.6949,552.786,2026-07-03 17:22:36.944,11621.694,,,,,,,,False,,
TT001,L,Session 7,trigger resp BTN,trigger,,,11663.712,194.3952,594.804,2026-07-03 17:23:18.962,11663.712,,,,,,,,False,,
TT001,L,Session 7,trigger resp BTN,trigger,,,11707.506,195.1251,638.598,2026-07-03 17:24:02.756,11707.506,,,,,,,,False,,
TT001,L,Session 7,trigger resp BTN,trigger,,,11748.876,195.8146,679.968,2026-07-03 17:24:44.126,11748.876,,,,,,,,False,,
TT001,L,Session 7,trigger resp BTN,trigger,,,11793.404,196.5567,724.496,2026-07-03 17:25:28.654,11793.404,,,,,,,,False,,
TT001,L,Session 7,trigger resp BTN,trigger,,,11836.818,197.2803,767.91,2026-07-03 17:26:12.068,11836.818,,,,,,,,False,,
TT001,L,Session 7,trigger resp BTN,trigger,,,11879.56,197.9927,810.652,2026-07-03 17:26:54.810,11879.56,,,,,,,,False,,
TT001,L,Session 7,trigger resp BTN,trigger,,,11923.582,198.7264,854.674,2026-07-03 17:27:38.832,11923.582,,,,,,,,False,,
TT001,L,Session 7,trigger resp BTN,trigger,,,11970.544,199.5091,901.636,2026-07-03 17:28:25.794,11970.544,,,,,,,,False,,
TT001,L,Session 7,Sched Probe,trigger,,,11971.676,199.5279,902.768,2026-07-03 17:28:26.926,11971.676,,,,,,,,False,,
TT001,L,Session 7,End Probe,trigger,,,12076.034,201.2672,1007.126,2026-07-03 17:30:11.284,12076.034,,,,,,,,False,,
TT001,L,Session 7,End Session 7,trigger,,,12076.07,201.2678,1007.162,2026-07-03 17:30:11.320,12076.07,,,,,,,,False,,
