subname,session,session_idx,bin,bin_start_min,bin_center_min,n_intervals,n_response,n_reset,reset_ratio,mean_irt_s,mean_error_s,mean_abs_error_s,cv_irt_pct
TT001,Nap1,2,0,0,2.5,7,8,0,0.0,37.439,7.439,7.439,7.473
TT001,Nap1,2,1,5,7.5,8,8,0,0.0,35.996,5.996,6.409,12.721
TT001,Nap1,2,2,10,12.5,9,8,0,0.0,36.064,6.064,11.563,33.787
TT001,Nap1,2,3,15,17.5,6,6,0,0.0,49.4,19.4,19.4,33.594
TT001,Nap1,2,4,20,22.5,8,8,0,0.0,37.933,7.933,7.933,15.441
TT001,Nap1,2,5,25,27.5,3,4,0,0.0,40.729,10.729,12.543,41.994
TT001,Nap1,2,6,30,32.5,0,0,0,,,,,
TT001,Nap2,3,0,0,2.5,6,6,0,0.0,32.875,2.875,3.418,18.611
TT001,Nap2,3,1,5,7.5,6,7,0,0.0,32.545,2.545,3.291,10.382
TT001,Nap2,3,2,10,12.5,7,6,0,0.0,33.772,3.772,3.772,8.239
TT001,Nap2,3,3,15,17.5,7,8,0,0.0,30.411,0.411,1.401,5.602
TT001,Nap2,3,4,20,22.5,7,6,0,0.0,45.413,15.413,15.413,17.35
TT001,Nap2,3,5,25,27.5,5,6,0,0.0,37.619,7.619,7.619,9.569
TT001,Nap2,3,6,30,32.5,7,6,1,0.1429,42.669,12.669,13.382,41.681
TT001,Nap2,3,7,35,37.5,5,6,0,0.0,37.079,7.079,7.079,6.543
TT001,Nap2,3,8,40,42.5,8,7,1,0.125,35.748,5.748,6.3,31.732
TT001,Nap2,3,9,45,47.5,5,6,0,0.0,39.789,9.789,9.789,15.674
TT001,Nap2,3,10,50,52.5,7,6,2,0.25,34.105,4.105,4.105,5.329
TT001,Nap2,3,11,55,57.5,6,7,0,0.0,36.751,6.751,6.751,8.552
TT001,Nap2,3,12,60,62.5,5,5,0,0.0,45.684,15.684,15.684,41.834
TT001,Nap2,3,13,65,67.5,8,8,1,0.1111,35.072,5.072,5.564,10.76
TT001,Nap2,3,14,70,72.5,7,6,1,0.1429,33.444,3.444,8.198,29.417
TT001,Nap2,3,15,75,77.5,3,4,0,0.0,45.883,15.883,15.883,11.067
TT001,Nap2,3,16,80,82.5,2,2,0,0.0,46.216,16.216,16.216,
TT001,Nap2,3,17,85,87.5,4,4,0,0.0,44.634,14.634,14.634,12.228
TT001,Nap2,3,18,90,92.5,0,0,0,,,,,
TT001,Wake1,1,0,0,2.5,5,7,0,0.0,33.045,3.045,3.045,6.012
TT001,Wake1,1,1,5,7.5,8,8,0,0.0,36.006,6.006,6.006,12.369
TT001,Wake1,1,2,10,12.5,8,8,0,0.0,38.321,8.321,8.717,14.224
TT001,Wake1,1,3,15,17.5,1,1,0,0.0,44.469,14.469,14.469,
TT001,Wake2,4,0,0,2.5,7,7,0,0.0,39.805,9.805,9.805,10.98
TT001,Wake2,4,1,5,7.5,7,8,0,0.0,39.975,9.975,9.975,6.08
TT001,Wake2,4,2,10,12.5,7,7,0,0.0,43.77,13.77,13.77,6.669
TT001,Wake2,4,3,15,17.5,0,0,0,,,,,
TT002,Nap1,2,0,0,2.5,10,10,0,0.0,28.527,-1.473,3.938,19.889
TT002,Nap1,2,1,5,7.5,9,9,0,0.0,32.601,2.601,12.538,50.921
TT002,Nap1,2,2,10,12.5,7,8,0,0.0,35.858,5.858,12.171,34.953
TT002,Nap1,2,3,15,17.5,0,0,0,,,,,
TT002,Nap2,3,0,0,2.5,7,8,0,0.0,23.912,-6.088,6.088,20.203
TT002,Nap2,3,1,5,7.5,6,6,1,0.1429,30.393,0.393,8.418,43.175
TT002,Nap2,3,2,10,12.5,6,6,0,0.0,35.116,5.116,10.128,35.413
TT002,Nap2,3,3,15,17.5,7,7,0,0.0,26.24,-3.76,5.238,24.129
TT002,Nap2,3,4,20,22.5,5,4,4,0.5,27.6,-2.4,3.467,17.566
TT002,Nap2,3,5,25,27.5,2,3,6,0.6667,30.591,0.591,7.015,
TT002,Nap2,3,6,30,32.5,5,5,4,0.4444,24.152,-5.848,11.597,50.017
TT002,Nap2,3,7,35,37.5,0,0,3,1.0,,,,
TT002,Nap2,3,8,40,42.5,2,2,5,0.7143,28.283,-1.717,7.792,
TT002,Nap2,3,9,45,47.5,3,3,3,0.5,22.867,-7.133,7.133,23.567
TT002,Nap2,3,10,50,52.5,2,2,5,0.7143,32.48,2.48,2.48,
TT002,Nap2,3,11,55,57.5,7,7,2,0.2222,27.454,-2.546,5.28,26.186
TT002,Nap2,3,12,60,62.5,0,0,5,1.0,,,,
TT002,Nap2,3,13,65,67.5,3,3,3,0.5,24.59,-5.41,5.41,10.73
TT002,Nap2,3,14,70,72.5,4,4,1,0.2,30.113,0.113,2.776,11.092
TT002,Nap2,3,15,75,77.5,6,6,4,0.4,26.494,-3.506,4.933,20.832
TT002,Nap2,3,16,80,82.5,1,1,3,0.75,77.703,47.703,47.703,
TT002,Nap2,3,17,85,87.5,4,4,2,0.3333,28.13,-1.87,9.424,41.114
TT002,Nap2,3,18,90,92.5,0,0,0,,,,,
TT002,Wake1,1,0,0,2.5,12,13,0,0.0,23.393,-6.607,6.607,6.042
TT002,Wake1,1,1,5,7.5,11,10,1,0.0909,26.142,-3.858,4.661,11.719
TT002,Wake1,1,2,10,12.5,11,12,0,0.0,25.862,-4.138,4.138,4.911
TT002,Wake1,1,3,15,17.5,0,0,0,,,,,
TT002,Wake2,4,0,0,2.5,9,9,0,0.0,32.173,2.173,4.385,15.93
TT002,Wake2,4,1,5,7.5,8,9,0,0.0,35.101,5.101,5.307,10.004
TT002,Wake2,4,2,10,12.5,8,8,1,0.1111,35.269,5.269,6.097,15.974
TT002,Wake2,4,3,15,17.5,0,0,0,,,,,
TT003,Nap1,2,0,0,2.5,2,2,0,0.0,41.361,11.361,11.361,
TT003,Nap1,2,1,5,7.5,4,5,0,0.0,51.764,21.764,21.764,15.433
TT003,Nap1,2,2,10,12.5,0,0,0,,,,,
TT003,Nap2,3,0,0,2.5,3,3,0,0.0,43.143,13.143,13.143,0.546
TT003,Nap2,3,1,5,7.5,4,5,3,0.375,45.463,15.463,20.34,46.191
TT003,Nap2,3,2,10,12.5,3,3,4,0.5714,41.152,11.152,20.486,77.454
TT003,Nap2,3,3,15,17.5,1,1,0,0.0,80.87,50.87,50.87,
TT003,Nap2,3,4,20,22.5,3,3,3,0.5,41.743,11.743,11.743,21.406
TT003,Nap2,3,5,25,27.5,4,4,2,0.3333,33.823,3.823,5.551,23.859
TT003,Nap2,3,6,30,32.5,3,3,3,0.5,35.045,5.045,5.045,0.692
TT003,Nap2,3,7,35,37.5,1,1,2,0.6667,35.138,5.138,5.138,
TT003,Nap2,3,8,40,42.5,3,3,3,0.5,36.343,6.343,6.343,11.086
TT003,Nap2,3,9,45,47.5,5,4,1,0.2,43.362,13.362,13.362,20.676
TT003,Nap2,3,10,50,52.5,1,2,1,0.3333,23.769,-6.231,6.231,
TT003,Nap2,3,11,55,57.5,3,3,1,0.25,38.328,8.328,8.328,2.834
TT003,Nap2,3,12,60,62.5,5,5,0,0.0,41.472,11.472,11.472,14.03
TT003,Nap2,3,13,65,67.5,6,6,0,0.0,32.063,2.063,5.374,24.37
TT003,Nap2,3,14,70,72.5,5,4,0,0.0,43.175,13.175,17.389,38.303
TT003,Nap2,3,15,75,77.5,6,7,0,0.0,31.756,1.756,12.856,48.751
TT003,Nap2,3,16,80,82.5,10,9,0,0.0,23.266,-6.734,9.958,38.42
TT003,Nap2,3,17,85,87.5,4,5,0,0.0,35.954,5.954,11.064,36.61
TT003,Nap2,3,18,90,92.5,0,0,0,,,,,
TT003,Wake1,1,0,0,2.5,7,7,0,0.0,40.851,10.851,10.851,14.362
TT003,Wake1,1,1,5,7.5,7,7,0,0.0,41.48,11.48,11.48,13.447
TT003,Wake1,1,2,10,12.5,6,7,2,0.2222,37.222,7.222,7.222,17.466
TT003,Wake1,1,3,15,17.5,0,0,0,,,,,
TT003,Wake2,4,0,0,2.5,8,9,0,0.0,32.187,2.187,3.981,15.369
TT003,Wake2,4,1,5,7.5,7,7,0,0.0,41.333,11.333,11.333,11.241
TT003,Wake2,4,2,10,12.5,7,7,0,0.0,42.904,12.904,12.904,12.671
TT003,Wake2,4,3,15,17.5,0,0,0,,,,,
TT004,Nap1,2,0,0,2.5,7,8,5,0.3846,26.751,-3.249,3.249,7.821
TT004,Nap1,2,1,5,7.5,1,1,13,0.9286,22.257,-7.743,7.743,
TT004,Nap1,2,2,10,12.5,1,1,7,0.875,28.514,-1.486,1.486,
TT004,Nap1,2,3,15,17.5,3,3,8,0.7273,25.197,-4.803,4.803,6.568
TT004,Nap1,2,4,20,22.5,0,0,2,1.0,,,,
TT004,Nap2,3,0,0,2.5,7,7,0,0.0,28.844,-1.156,1.326,3.928
TT004,Nap2,3,1,5,7.5,7,8,0,0.0,30.387,0.387,1.627,8.777
TT004,Nap2,3,2,10,12.5,7,6,1,0.1429,32.301,2.301,3.377,16.031
TT004,Nap2,3,3,15,17.5,4,5,6,0.5455,26.356,-3.644,7.377,43.934
TT004,Nap2,3,4,20,22.5,5,5,11,0.6875,27.392,-2.608,3.995,17.998
TT004,Nap2,3,5,25,27.5,1,1,10,0.9091,30.036,0.036,0.036,
TT004,Nap2,3,6,30,32.5,0,0,4,1.0,,,,
TT004,Nap2,3,7,35,37.5,3,3,5,0.625,36.814,6.814,10.621,29.512
TT004,Nap2,3,8,40,42.5,3,3,5,0.625,39.08,9.08,9.08,16.023
TT004,Nap2,3,9,45,47.5,2,1,3,0.75,51.014,21.014,21.014,
TT004,Nap2,3,10,50,52.5,3,3,5,0.625,38.782,8.782,8.782,9.69
TT004,Nap2,3,11,55,57.5,3,4,13,0.7647,28.784,-1.216,6.376,28.713
TT004,Nap2,3,12,60,62.5,1,1,12,0.9231,33.502,3.502,3.502,
TT004,Nap2,3,13,65,67.5,2,2,8,0.8,32.629,2.629,4.873,
TT004,Nap2,3,14,70,72.5,1,1,2,0.6667,77.567,47.567,47.567,
TT004,Nap2,3,15,75,77.5,3,3,2,0.4,28.81,-1.19,2.008,7.825
TT004,Nap2,3,16,80,82.5,6,5,6,0.5455,30.816,0.816,2.15,8.249
TT004,Nap2,3,17,85,87.5,5,6,7,0.5385,27.077,-2.923,5.239,31.334
TT004,Nap2,3,18,90,92.5,0,0,0,,,,,
TT004,Wake1,1,0,0,2.5,9,10,0,0.0,28.727,-1.273,2.708,10.999
TT004,Wake1,1,1,5,7.5,4,4,10,0.7143,29.941,-0.059,3.35,14.918
TT004,Wake1,1,2,10,12.5,6,6,8,0.5714,23.918,-6.082,8.832,35.929
TT004,Wake1,1,3,15,17.5,0,0,1,1.0,,,,
TT004,Wake2,4,0,0,2.5,8,9,0,0.0,32.655,2.655,3.41,10.018
TT004,Wake2,4,1,5,7.5,9,8,0,0.0,34.464,4.464,4.649,8.729
TT004,Wake2,4,2,10,12.5,8,8,0,0.0,37.362,7.362,7.362,10.7
TT004,Wake2,4,3,15,17.5,0,1,0,0.0,,,,
TT005,Nap1,2,0,0,2.5,5,5,4,0.4444,33.454,3.454,3.539,6.753
TT005,Nap1,2,1,5,7.5,3,4,8,0.6667,34.571,4.571,8.19,27.438
TT005,Nap1,2,2,10,12.5,1,1,10,0.9091,21.282,-8.718,8.718,
TT005,Nap1,2,3,15,17.5,2,2,10,0.8333,43.093,13.093,14.699,
TT005,Nap1,2,4,20,22.5,1,1,9,0.9,28.26,-1.74,1.74,
TT005,Nap1,2,5,25,27.5,0,0,1,1.0,,,,
TT005,Nap2,3,0,0,2.5,5,6,0,0.0,32.379,2.379,2.783,9.719
TT005,Nap2,3,1,5,7.5,6,6,0,0.0,35.795,5.795,5.795,7.119
TT005,Nap2,3,2,10,12.5,5,5,0,0.0,39.989,9.989,9.989,18.584
TT005,Nap2,3,3,15,17.5,8,7,1,0.125,37.285,7.285,7.285,8.762
TT005,Nap2,3,4,20,22.5,4,4,3,0.4286,31.874,1.874,2.626,11.687
TT005,Nap2,3,5,25,27.5,8,8,2,0.2,34.802,4.802,4.841,12.921
TT005,Nap2,3,6,30,32.5,6,6,3,0.3333,34.264,4.264,4.264,6.731
TT005,Nap2,3,7,35,37.5,4,4,2,0.3333,35.771,5.771,7.366,19.556
TT005,Nap2,3,8,40,42.5,7,7,3,0.3,36.463,6.463,6.463,12.961
TT005,Nap2,3,9,45,47.5,4,5,4,0.4444,41.643,11.643,11.643,7.996
TT005,Nap2,3,10,50,52.5,4,4,3,0.4286,33.255,3.255,3.255,2.523
TT005,Nap2,3,11,55,57.5,5,4,4,0.5,30.758,0.758,4.036,15.441
TT005,Nap2,3,12,60,62.5,2,3,4,0.5714,32.019,2.019,2.019,
TT005,Nap2,3,13,65,67.5,2,1,9,0.9,25.691,-4.309,4.309,
TT005,Nap2,3,14,70,72.5,0,1,4,0.8,,,,
TT005,Nap2,3,15,75,77.5,4,3,4,0.5714,28.971,-1.029,1.973,6.856
TT005,Nap2,3,16,80,82.5,5,5,8,0.6154,28.015,-1.985,11.112,52.442
TT005,Nap2,3,17,85,87.5,0,1,4,0.8,,,,
TT005,Nap2,3,18,90,92.5,0,0,0,,,,,
TT005,Wake1,1,0,0,2.5,7,8,2,0.2,32.289,2.289,4.583,14.848
TT005,Wake1,1,1,5,7.5,5,5,0,0.0,30.196,0.196,1.909,8.324
TT005,Wake1,1,2,10,12.5,9,10,1,0.0909,28.87,-1.13,6.206,31.808
TT005,Wake1,1,3,15,17.5,2,2,1,0.3333,31.433,1.433,2.782,
TT005,Wake2,4,0,0,2.5,10,10,0,0.0,27.546,-2.454,2.454,5.811
TT005,Wake2,4,1,5,7.5,10,11,0,0.0,28.382,-1.618,1.93,6.418
TT005,Wake2,4,2,10,12.5,9,9,0,0.0,32.469,2.469,4.303,28.592
TT005,Wake2,4,3,15,17.5,0,0,0,,,,,
TT006,Nap1,2,0,0,2.5,8,9,0,0.0,32.995,2.995,2.995,2.731
TT006,Nap1,2,1,5,7.5,2,2,6,0.75,33.598,3.598,3.598,
TT006,Nap1,2,2,10,12.5,0,0,0,,,,,
TT006,Nap2,3,0,0,2.5,4,5,0,0.0,33.117,3.117,3.117,4.421
TT006,Nap2,3,1,5,7.5,5,4,0,0.0,31.978,1.978,2.818,7.681
TT006,Nap2,3,2,10,12.5,5,6,5,0.4545,32.413,2.413,2.413,4.237
TT006,Nap2,3,3,15,17.5,4,4,3,0.4286,32.467,2.467,2.467,6.179
TT006,Nap2,3,4,20,22.5,1,1,5,0.8333,32.946,2.946,2.946,
TT006,Nap2,3,5,25,27.5,3,3,5,0.625,33.78,3.78,3.78,3.678
TT006,Nap2,3,6,30,32.5,4,4,8,0.6667,31.788,1.788,1.788,5.168
TT006,Nap2,3,7,35,37.5,2,2,9,0.8182,27.949,-2.051,10.753,
TT006,Nap2,3,8,40,42.5,4,4,5,0.5556,37.903,7.903,7.903,31.344
TT006,Nap2,3,9,45,47.5,6,6,5,0.4545,31.302,1.302,1.481,3.613
TT006,Nap2,3,10,50,52.5,3,3,8,0.7273,32.698,2.698,2.698,1.974
TT006,Nap2,3,11,55,57.5,1,1,3,0.75,31.464,1.464,1.464,
TT006,Nap2,3,12,60,62.5,7,7,5,0.4167,32.042,2.042,2.113,4.962
TT006,Nap2,3,13,65,67.5,4,4,5,0.5556,31.466,1.466,1.466,4.199
TT006,Nap2,3,14,70,72.5,6,5,3,0.375,33.172,3.172,3.172,3.109
TT006,Nap2,3,15,75,77.5,7,7,0,0.0,32.265,2.265,2.265,5.628
TT006,Nap2,3,16,80,82.5,5,5,2,0.2857,30.358,0.358,0.539,1.98
TT006,Nap2,3,17,85,87.5,6,7,3,0.3,30.18,0.18,0.926,4.806
TT006,Nap2,3,18,90,92.5,0,0,0,,,,,
TT006,Wake1,1,0,0,2.5,8,9,0,0.0,32.629,2.629,2.629,5.049
TT006,Wake1,1,1,5,7.5,7,7,2,0.2222,32.191,2.191,2.191,4.343
TT006,Wake1,1,2,10,12.5,7,7,2,0.2222,33.948,3.948,3.948,2.914
TT006,Wake1,1,3,15,17.5,0,0,0,,,,,
TT006,Wake2,4,0,0,2.5,9,10,1,0.0909,27.121,-2.879,2.879,3.546
TT006,Wake2,4,1,5,7.5,10,10,0,0.0,29.626,-0.374,1.209,4.994
TT006,Wake2,4,2,10,12.5,11,11,0,0.0,27.813,-2.187,3.846,24.441
TT006,Wake2,4,3,15,17.5,0,0,0,,,,,
TT007,Nap1,2,0,0,2.5,6,7,2,0.2222,29.566,-0.434,1.738,7.944
TT007,Nap1,2,1,5,7.5,2,2,10,0.8333,31.974,1.974,3.751,
TT007,Nap1,2,2,10,12.5,0,0,1,1.0,,,,
TT007,Nap1,2,3,15,17.5,0,0,0,,,,,
TT007,Nap2,3,0,0,2.5,5,6,0,0.0,28.282,-1.718,1.718,1.689
TT007,Nap2,3,1,5,7.5,6,6,0,0.0,29.561,-0.439,1.517,5.84
TT007,Nap2,3,2,10,12.5,4,4,4,0.5,34.372,4.372,6.232,32.001
TT007,Nap2,3,3,15,17.5,5,5,5,0.5,29.535,-0.465,1.351,5.792
TT007,Nap2,3,4,20,22.5,2,2,5,0.7143,29.912,-0.088,1.705,
TT007,Nap2,3,5,25,27.5,1,1,5,0.8333,27.226,-2.774,2.774,
TT007,Nap2,3,6,30,32.5,4,3,3,0.5,30.277,0.277,5.331,23.953
TT007,Nap2,3,7,35,37.5,4,5,8,0.6154,26.094,-3.906,3.906,3.645
TT007,Nap2,3,8,40,42.5,2,2,6,0.75,28.331,-1.669,2.605,
TT007,Nap2,3,9,45,47.5,0,0,1,1.0,,,,
TT007,Nap2,3,10,50,52.5,2,1,3,0.75,32.169,2.169,2.169,
TT007,Nap2,3,11,55,57.5,1,2,5,0.7143,29.264,-0.736,0.736,
TT007,Nap2,3,12,60,62.5,2,2,7,0.7778,39.374,9.374,20.571,
TT007,Nap2,3,13,65,67.5,4,4,1,0.2,30.493,0.493,4.98,19.428
TT007,Nap2,3,14,70,72.5,1,1,7,0.875,32.817,2.817,2.817,
TT007,Nap2,3,15,75,77.5,2,1,4,0.8,36.123,6.123,6.123,
TT007,Nap2,3,16,80,82.5,0,1,4,0.8,,,,
TT007,Nap2,3,17,85,87.5,1,1,3,0.75,26.059,-3.941,3.941,
TT007,Nap2,3,18,90,92.5,0,0,0,,,,,
TT007,Wake1,1,0,0,2.5,9,10,0,0.0,29.916,-0.084,1.098,4.818
TT007,Wake1,1,1,5,7.5,9,9,0,0.0,32.083,2.083,2.74,11.162
TT007,Wake1,1,2,10,12.5,9,9,0,0.0,31.994,1.994,2.062,4.788
TT007,Wake1,1,3,15,17.5,0,0,0,,,,,
TT007,Wake2,4,0,0,2.5,10,11,0,0.0,26.232,-3.768,3.768,5.02
TT007,Wake2,4,1,5,7.5,11,10,0,0.0,29.245,-0.755,1.468,6.548
TT007,Wake2,4,2,10,12.5,9,10,0,0.0,30.719,0.719,1.664,6.597
TT007,Wake2,4,3,15,17.5,0,0,0,,,,,
TT008,Nap1,2,0,0,2.5,9,9,0,0.0,30.801,0.801,2.075,8.844
TT008,Nap1,2,1,5,7.5,12,13,0,0.0,24.135,-5.865,7.063,29.955
TT008,Nap1,2,2,10,12.5,9,8,0,0.0,35.358,5.358,8.368,27.23
TT008,Nap1,2,3,15,17.5,6,7,2,0.2222,38.709,8.709,13.031,31.811
TT008,Nap1,2,4,20,22.5,8,7,1,0.125,36.688,6.688,10.645,31.263
TT008,Nap1,2,5,25,27.5,6,6,1,0.1429,43.605,13.605,15.949,36.2
TT008,Nap1,2,6,30,32.5,0,1,0,0.0,,,,
TT008,Nap2,3,0,0,2.5,5,5,0,0.0,27.301,-2.699,2.966,11.011
TT008,Nap2,3,1,5,7.5,6,6,0,0.0,23.243,-6.757,6.757,6.369
TT008,Nap2,3,2,10,12.5,7,7,0,0.0,22.91,-7.09,7.09,8.939
TT008,Nap2,3,3,15,17.5,9,9,0,0.0,21.826,-8.174,8.174,9.329
TT008,Nap2,3,4,20,22.5,7,7,0,0.0,23.088,-6.912,6.912,13.769
TT008,Nap2,3,5,25,27.5,7,7,0,0.0,25.827,-4.173,4.173,12.116
TT008,Nap2,3,6,30,32.5,9,9,0,0.0,21.949,-8.051,8.051,11.281
TT008,Nap2,3,7,35,37.5,8,9,1,0.1,22.762,-7.238,7.238,17.472
TT008,Nap2,3,8,40,42.5,6,6,2,0.25,37.49,7.49,7.69,16.907
TT008,Nap2,3,9,45,47.5,5,5,0,0.0,42.999,12.999,12.999,15.257
TT008,Nap2,3,10,50,52.5,6,5,1,0.1667,43.134,13.134,13.134,9.692
TT008,Nap2,3,11,55,57.5,4,5,0,0.0,38.662,8.662,8.662,13.65
TT008,Nap2,3,12,60,62.5,7,7,2,0.2222,35.31,5.31,5.456,19.309
TT008,Nap2,3,13,65,67.5,5,5,2,0.2857,48.009,18.009,18.009,4.691
TT008,Nap2,3,14,70,72.5,3,3,3,0.5,44.059,14.059,14.059,5.615
TT008,Nap2,3,15,75,77.5,8,8,0,0.0,33.007,3.007,4.089,10.687
TT008,Nap2,3,16,80,82.5,4,4,0,0.0,37.824,7.824,7.824,20.045
TT008,Nap2,3,17,85,87.5,5,5,0,0.0,34.902,4.902,5.842,14.679
TT008,Nap2,3,18,90,92.5,0,0,0,,,,,
TT008,Wake1,1,0,0,2.5,8,9,0,0.0,32.625,2.625,2.625,4.619
TT008,Wake1,1,1,5,7.5,9,9,0,0.0,33.693,3.693,4.701,15.664
TT008,Wake1,1,2,10,12.5,10,10,0,0.0,28.587,-1.413,2.773,9.519
TT008,Wake1,1,3,15,17.5,0,0,0,,,,,
TT008,Wake2,4,0,0,2.5,9,10,0,0.0,29.993,-0.007,1.118,4.358
TT008,Wake2,4,1,5,7.5,10,10,0,0.0,29.828,-0.172,1.289,5.284
TT008,Wake2,4,2,10,12.5,9,9,0,0.0,32.641,2.641,2.859,10.015
TT008,Wake2,4,3,15,17.5,0,0,0,,,,,
TT009,Nap1,2,0,0,2.5,5,5,0,0.0,43.826,13.826,13.826,18.03
TT009,Nap1,2,1,5,7.5,7,8,4,0.3333,28.521,-1.479,8.726,38.34
TT009,Nap1,2,2,10,12.5,4,4,6,0.6,19.788,-10.212,10.212,50.386
TT009,Nap1,2,3,15,17.5,0,0,4,1.0,,,,
TT009,Nap1,2,4,20,22.5,0,0,0,,,,,
TT009,Nap2,3,0,0,2.5,4,5,0,0.0,35.305,5.305,5.305,16.379
TT009,Nap2,3,1,5,7.5,2,2,4,0.6667,33.182,3.182,3.182,
TT009,Nap2,3,2,10,12.5,2,2,4,0.6667,29.394,-0.606,2.502,
TT009,Nap2,3,3,15,17.5,5,5,0,0.0,36.425,6.425,6.425,12.728
TT009,Nap2,3,4,20,22.5,1,1,3,0.75,30.053,0.053,0.053,
TT009,Nap2,3,5,25,27.5,0,0,4,1.0,,,,
TT009,Nap2,3,6,30,32.5,1,1,2,0.6667,27.947,-2.053,2.053,
TT009,Nap2,3,7,35,37.5,5,5,4,0.4444,21.274,-8.726,8.767,34.18
TT009,Nap2,3,8,40,42.5,1,1,5,0.8333,25.004,-4.996,4.996,
TT009,Nap2,3,9,45,47.5,0,0,5,1.0,,,,
TT009,Nap2,3,10,50,52.5,0,0,2,1.0,,,,
TT009,Nap2,3,11,55,57.5,0,0,3,1.0,,,,
TT009,Nap2,3,12,60,62.5,3,3,3,0.5,23.268,-6.732,11.796,53.363
TT009,Nap2,3,13,65,67.5,0,0,4,1.0,,,,
TT009,Nap2,3,14,70,72.5,1,1,4,0.8,22.788,-7.212,7.212,
TT009,Nap2,3,15,75,77.5,6,6,2,0.25,34.323,4.323,12.232,51.545
TT009,Nap2,3,16,80,82.5,4,4,1,0.2,18.985,-11.015,11.015,31.826
TT009,Nap2,3,17,85,87.5,3,3,2,0.4,20.639,-9.361,9.975,45.922
TT009,Nap2,3,18,90,92.5,0,0,0,,,,,
TT009,Wake1,1,0,0,2.5,8,8,0,0.0,35.7,5.7,7.927,19.508
TT009,Wake1,1,1,5,7.5,6,7,0,0.0,46.778,16.778,16.778,12.362
TT009,Wake1,1,2,10,12.5,5,5,1,0.1667,48.367,18.367,18.367,31.355
TT009,Wake1,1,3,15,17.5,0,0,0,,,,,
TT009,Wake2,4,0,0,2.5,9,10,0,0.0,29.188,-0.812,3.435,16.826
TT009,Wake2,4,1,5,7.5,8,8,2,0.2,28.859,-1.141,5.477,23.666
TT009,Wake2,4,2,10,12.5,0,0,8,1.0,,,,
TT009,Wake2,4,3,15,17.5,0,0,0,,,,,
TT010,Nap2,3,0,0,2.5,5,6,0,0.0,30.435,0.435,0.733,3.498
TT010,Nap2,3,1,5,7.5,3,3,4,0.5714,37.031,7.031,7.031,5.986
TT010,Nap2,3,2,10,12.5,2,2,5,0.7143,33.784,3.784,3.784,
TT010,Nap2,3,3,15,17.5,3,3,3,0.5,32.893,2.893,2.893,4.03
TT010,Nap2,3,4,20,22.5,3,3,3,0.5,36.032,6.032,6.032,11.314
TT010,Nap2,3,5,25,27.5,1,1,6,0.8571,32.859,2.859,2.859,
TT010,Nap2,3,6,30,32.5,0,0,3,1.0,,,,
TT010,Nap2,3,7,35,37.5,2,2,6,0.75,32.821,2.821,2.821,
TT010,Nap2,3,8,40,42.5,0,0,1,1.0,,,,
TT010,Nap2,3,9,45,47.5,0,0,2,1.0,,,,
TT010,Nap2,3,10,50,52.5,4,4,4,0.5,29.548,-0.452,1.132,4.483
TT010,Nap2,3,11,55,57.5,1,1,5,0.8333,32.786,2.786,2.786,
TT010,Nap2,3,12,60,62.5,0,0,2,1.0,,,,
TT010,Nap2,3,13,65,67.5,2,1,3,0.75,26.14,-3.86,3.86,
TT010,Nap2,3,14,70,72.5,5,6,3,0.3333,29.395,-0.605,1.566,6.224
TT010,Nap2,3,15,75,77.5,3,3,5,0.625,27.591,-2.409,2.572,12.817
TT010,Nap2,3,16,80,82.5,0,0,4,1.0,,,,
TT010,Nap2,3,17,85,87.5,3,3,0,0.0,27.154,-2.846,2.846,9.041
TT010,Nap2,3,18,90,92.5,0,0,0,,,,,
TT010,Wake2,4,0,0,2.5,12,13,0,0.0,22.576,-7.424,7.547,12.32
TT010,Wake2,4,1,5,7.5,13,12,0,0.0,23.898,-6.102,6.343,11.484
TT010,Wake2,4,2,10,12.5,11,12,0,0.0,25.085,-4.915,4.915,4.67
TT010,Wake2,4,3,15,17.5,0,0,0,,,,,
TT011,Nap1,2,0,0,2.5,8,8,0,0.0,35.382,5.382,5.889,13.743
TT011,Nap1,2,1,5,7.5,9,9,0,0.0,33.294,3.294,8.894,29.512
TT011,Nap1,2,2,10,12.5,8,9,0,0.0,34.515,4.515,6.736,25.609
TT011,Nap1,2,3,15,17.5,11,10,0,0.0,28.848,-1.152,3.392,14.554
TT011,Nap1,2,4,20,22.5,10,11,0,0.0,28.496,-1.504,4.563,18.511
TT011,Nap1,2,5,25,27.5,7,7,3,0.3,29.098,-0.902,5.87,29.112
TT011,Nap1,2,6,30,32.5,0,0,0,,,,,
TT011,Nap2,3,0,0,2.5,5,6,0,0.0,29.435,-0.565,1.389,5.509
TT011,Nap2,3,1,5,7.5,5,5,0,0.0,32.242,2.242,4.324,22.626
TT011,Nap2,3,2,10,12.5,6,6,0,0.0,31.221,1.221,1.721,6.027
TT011,Nap2,3,3,15,17.5,7,7,0,0.0,35.309,5.309,5.323,7.995
TT011,Nap2,3,4,20,22.5,5,5,0,0.0,40.384,10.384,10.384,19.819
TT011,Nap2,3,5,25,27.5,6,6,0,0.0,32.813,2.813,4.91,15.029
TT011,Nap2,3,6,30,32.5,6,6,0,0.0,36.387,6.387,8.315,20.563
TT011,Nap2,3,7,35,37.5,6,6,2,0.25,32.682,2.682,5.064,19.265
TT011,Nap2,3,8,40,42.5,8,8,2,0.2,33.215,3.215,7.12,24.24
TT011,Nap2,3,9,45,47.5,6,6,6,0.5,30.341,0.341,2.613,10.97
TT011,Nap2,3,10,50,52.5,3,3,6,0.6667,30.906,0.906,2.958,11.589
TT011,Nap2,3,11,55,57.5,1,1,4,0.8,22.099,-7.901,7.901,
TT011,Nap2,3,12,60,62.5,4,4,1,0.2,28.788,-1.212,7.409,36.417
TT011,Nap2,3,13,65,67.5,2,1,3,0.75,34.77,4.77,7.87,
TT011,Nap2,3,14,70,72.5,3,4,5,0.5556,31.316,1.316,1.871,5.993
TT011,Nap2,3,15,75,77.5,0,0,3,1.0,,,,
TT011,Nap2,3,16,80,82.5,5,5,4,0.4444,39.419,9.419,9.419,16.395
TT011,Nap2,3,17,85,87.5,3,3,2,0.4,30.511,0.511,6.37,26.394
TT011,Nap2,3,18,90,92.5,0,0,0,,,,,
TT011,Wake1,1,0,0,2.5,9,9,0,0.0,30.28,0.28,2.15,8.723
TT011,Wake1,1,1,5,7.5,8,9,0,0.0,36.833,6.833,6.833,9.901
TT011,Wake1,1,2,10,12.5,7,7,0,0.0,39.5,9.5,9.5,7.631
TT011,Wake1,1,3,15,17.5,0,0,0,,,,,
TT011,Wake2,4,0,0,2.5,7,8,0,0.0,36.058,6.058,6.058,7.007
TT011,Wake2,4,1,5,7.5,8,7,0,0.0,41.013,11.013,11.013,12.727
TT011,Wake2,4,2,10,12.5,6,7,0,0.0,42.648,12.648,12.648,18.261
TT011,Wake2,4,3,15,17.5,0,0,0,,,,,
TT012,Nap1,2,0,0,2.5,6,7,4,0.3636,29.452,-0.548,1.083,5.386
TT012,Nap1,2,1,5,7.5,0,0,2,1.0,,,,
TT012,Nap2,3,0,0,2.5,4,5,0,0.0,32.287,2.287,3.524,10.969
TT012,Nap2,3,1,5,7.5,4,4,2,0.3333,28.7,-1.3,1.3,4.728
TT012,Nap2,3,2,10,12.5,3,3,3,0.5,25.312,-4.688,5.234,32.243
TT012,Nap2,3,3,15,17.5,1,1,7,0.875,58.432,28.432,28.432,
TT012,Nap2,3,4,20,22.5,1,1,5,0.8333,29.351,-0.649,0.649,
TT012,Nap2,3,5,25,27.5,0,0,1,1.0,,,,
TT012,Nap2,3,6,30,32.5,5,5,4,0.4444,31.07,1.07,13.649,54.49
TT012,Nap2,3,7,35,37.5,6,6,2,0.25,28.683,-1.317,4.413,23.817
TT012,Nap2,3,8,40,42.5,3,3,5,0.625,31.091,1.091,1.091,1.5
TT012,Nap2,3,9,45,47.5,6,6,6,0.5,24.772,-5.228,5.359,34.52
TT012,Nap2,3,10,50,52.5,2,2,1,0.3333,47.029,17.029,28.644,
TT012,Nap2,3,11,55,57.5,2,2,3,0.6,21.569,-8.431,10.504,
TT012,Nap2,3,12,60,62.5,7,7,0,0.0,27.524,-2.476,3.101,16.544
TT012,Nap2,3,13,65,67.5,5,5,9,0.6429,24.123,-5.877,5.877,30.309
TT012,Nap2,3,14,70,72.5,5,5,7,0.5833,21.247,-8.753,8.855,39.222
TT012,Nap2,3,15,75,77.5,0,0,1,1.0,,,,
TT012,Wake1,1,0,0,2.5,9,9,0,0.0,30.979,0.979,1.006,2.693
TT012,Wake1,1,1,5,7.5,9,9,0,0.0,33.54,3.54,4.047,32.423
TT012,Wake1,1,2,10,12.5,9,10,1,0.0909,29.159,-0.841,1.488,5.204
TT012,Wake1,1,3,15,17.5,0,0,0,,,,,
TT012,Wake2,4,0,0,2.5,9,10,0,0.0,28.289,-1.711,1.901,13.783
TT012,Wake2,4,1,5,7.5,11,11,0,0.0,29.641,-0.359,1.175,7.147
TT012,Wake2,4,2,10,12.5,8,9,1,0.1,29.701,-0.299,2.786,14.164
TT012,Wake2,4,3,15,17.5,0,0,0,,,,,
TT013,Nap1,2,0,0,2.5,6,7,0,0.0,42.652,12.652,12.809,16.704
TT013,Nap1,2,1,5,7.5,1,1,9,0.9,47.457,17.457,17.457,
TT013,Nap1,2,2,10,12.5,2,2,9,0.8182,44.587,14.587,14.587,
TT013,Nap1,2,3,15,17.5,3,3,9,0.75,29.323,-0.677,17.777,79.819
TT013,Nap1,2,4,20,22.5,4,4,4,0.5,44.704,14.704,19.011,45.754
TT013,Nap1,2,5,25,27.5,2,2,7,0.7778,44.777,14.777,14.777,
TT013,Nap1,2,6,30,32.5,0,0,0,,,,,
TT013,Nap2,3,0,0,2.5,3,4,0,0.0,44.09,14.09,14.09,0.717
TT013,Nap2,3,1,5,7.5,5,5,1,0.1667,48.616,18.616,18.616,1.373
TT013,Nap2,3,2,10,12.5,6,5,1,0.1667,49.045,19.045,19.045,5.644
TT013,Nap2,3,3,15,17.5,3,4,0,0.0,48.207,18.207,18.207,0.896
TT013,Nap2,3,4,20,22.5,3,3,0,0.0,49.011,19.011,19.011,3.23
TT013,Nap2,3,5,25,27.5,4,4,0,0.0,49.746,19.746,19.746,7.049
TT013,Nap2,3,6,30,32.5,5,5,2,0.2857,48.11,18.11,18.11,1.476
TT013,Nap2,3,7,35,37.5,5,5,3,0.375,48.401,18.401,18.401,5.432
TT013,Nap2,3,8,40,42.5,2,2,3,0.6,51.249,21.249,21.249,
TT013,Nap2,3,9,45,47.5,4,4,2,0.3333,48.22,18.22,18.22,2.624
TT013,Nap2,3,10,50,52.5,3,3,1,0.25,52.663,22.663,22.663,11.194
TT013,Nap2,3,11,55,57.5,3,3,1,0.25,45.115,15.115,15.115,2.272
TT013,Nap2,3,12,60,62.5,1,0,3,1.0,54.835,24.835,24.835,
TT013,Nap2,3,13,65,67.5,2,3,0,0.0,46.725,16.725,16.725,
TT013,Nap2,3,14,70,72.5,1,1,3,0.75,61.618,31.618,31.618,
TT013,Nap2,3,15,75,77.5,3,3,2,0.4,52.394,22.394,22.394,13.672
TT013,Nap2,3,16,80,82.5,0,0,2,1.0,,,,
TT013,Nap2,3,17,85,87.5,0,0,3,1.0,,,,
TT013,Nap2,3,18,90,92.5,0,0,0,,,,,
TT013,Wake1,1,0,0,2.5,7,7,0,0.0,39.885,9.885,9.885,5.028
TT013,Wake1,1,1,5,7.5,7,7,0,0.0,41.773,11.773,11.773,3.109
TT013,Wake1,1,2,10,12.5,8,9,0,0.0,35.625,5.625,10.356,28.423
TT013,Wake1,1,3,15,17.5,0,0,0,,,,,
TT013,Wake2,4,0,0,2.5,9,10,0,0.0,28.738,-1.262,1.545,4.124
TT013,Wake2,4,1,5,7.5,10,9,1,0.1,30.207,0.207,1.193,5.022
TT013,Wake2,4,2,10,12.5,9,10,0,0.0,30.511,0.511,1.394,7.072
TT013,Wake2,4,3,15,17.5,0,0,0,,,,,
TT014,Nap1,2,0,0,2.5,5,6,2,0.25,34.692,4.692,4.947,12.639
TT014,Nap1,2,1,5,7.5,0,0,7,1.0,,,,
TT014,Nap1,2,2,10,12.5,0,0,0,,,,,
TT014,Nap2,3,0,0,2.5,5,6,0,0.0,31.256,1.256,2.015,7.992
TT014,Nap2,3,1,5,7.5,6,6,0,0.0,32.264,2.264,4.38,13.747
TT014,Nap2,3,2,10,12.5,7,6,0,0.0,30.178,0.178,4.449,21.504
TT014,Nap2,3,3,15,17.5,2,3,6,0.6667,33.935,3.935,3.935,
TT014,Nap2,3,4,20,22.5,3,3,5,0.625,32.675,2.675,2.675,3.973
TT014,Nap2,3,5,25,27.5,1,1,7,0.875,29.055,-0.945,0.945,
TT014,Nap2,3,6,30,32.5,1,1,2,0.6667,26.17,-3.83,3.83,
TT014,Nap2,3,7,35,37.5,3,3,2,0.4,29.344,-0.656,0.928,4.595
TT014,Nap2,3,8,40,42.5,3,2,5,0.7143,29.949,-0.051,0.085,0.296
TT014,Nap2,3,9,45,47.5,0,1,3,0.75,,,,
TT014,Nap2,3,10,50,52.5,3,3,6,0.6667,28.117,-1.883,2.615,9.605
TT014,Nap2,3,11,55,57.5,4,3,5,0.625,29.315,-0.685,2.257,9.139
TT014,Nap2,3,12,60,62.5,1,2,9,0.8182,30.715,0.715,0.715,
TT014,Nap2,3,13,65,67.5,6,6,5,0.4545,29.225,-0.775,1.55,7.718
TT014,Nap2,3,14,70,72.5,2,1,8,0.8889,28.646,-1.354,2.019,
TT014,Nap2,3,15,75,77.5,1,2,7,0.7778,28.109,-1.891,1.891,
TT014,Nap2,3,16,80,82.5,1,1,4,0.8,28.945,-1.055,1.055,
TT014,Nap2,3,17,85,87.5,2,2,6,0.75,31.738,1.738,1.738,
TT014,Nap2,3,18,90,92.5,0,0,0,,,,,
TT014,Wake1,1,0,0,2.5,8,9,0,0.0,32.587,2.587,3.613,12.056
TT014,Wake1,1,1,5,7.5,8,8,0,0.0,37.692,7.692,7.692,5.047
TT014,Wake1,1,2,10,12.5,2,2,2,0.5,38.689,8.689,8.689,
TT014,Wake1,1,3,15,17.5,0,0,0,,,,,
TT014,Wake2,4,0,0,2.5,12,12,1,0.0769,23.937,-6.063,6.063,10.224
TT014,Wake2,4,1,5,7.5,11,11,0,0.0,27.521,-2.479,2.488,6.283
TT014,Wake2,4,2,10,12.5,9,9,0,0.0,30.877,0.877,1.543,6.077
TT014,Wake2,4,3,15,17.5,0,0,0,,,,,
TT015,Nap1,2,0,0,2.5,5,6,1,0.1429,42.669,12.669,12.669,11.985
TT015,Nap1,2,1,5,7.5,6,5,2,0.2857,41.722,11.722,11.722,7.497
TT015,Nap1,2,2,10,12.5,8,8,0,0.0,37.489,7.489,7.489,7.513
TT015,Nap1,2,3,15,17.5,6,7,0,0.0,48.058,18.058,18.058,11.938
TT015,Nap1,2,4,20,22.5,4,4,1,0.2,43.879,13.879,13.879,17.821
TT015,Nap1,2,5,25,27.5,0,0,0,,,,,
TT015,Nap2,3,0,0,2.5,3,4,0,0.0,35.788,5.788,5.788,11.423
TT015,Nap2,3,1,5,7.5,4,4,0,0.0,44.275,14.275,14.275,10.107
TT015,Nap2,3,2,10,12.5,7,6,0,0.0,43.008,13.008,13.008,4.925
TT015,Nap2,3,3,15,17.5,5,5,0,0.0,35.523,5.523,5.523,3.785
TT015,Nap2,3,4,20,22.5,4,5,0,0.0,37.273,7.273,7.273,7.819
TT015,Nap2,3,5,25,27.5,7,7,0,0.0,35.948,5.948,5.948,7.848
TT015,Nap2,3,6,30,32.5,7,7,0,0.0,35.695,5.695,5.695,5.966
TT015,Nap2,3,7,35,37.5,5,4,0,0.0,36.44,6.44,6.44,4.393
TT015,Nap2,3,8,40,42.5,4,5,0,0.0,39.19,9.19,9.19,4.897
TT015,Nap2,3,9,45,47.5,8,8,0,0.0,34.382,4.382,4.382,6.823
TT015,Nap2,3,10,50,52.5,4,4,0,0.0,34.205,4.205,4.205,2.059
TT015,Nap2,3,11,55,57.5,5,4,0,0.0,33.592,3.592,3.592,8.265
TT015,Nap2,3,12,60,62.5,7,8,0,0.0,34.1,4.1,4.1,6.466
TT015,Nap2,3,13,65,67.5,6,6,0,0.0,34.461,4.461,4.461,10.006
TT015,Nap2,3,14,70,72.5,4,3,0,0.0,39.056,9.056,9.056,22.247
TT015,Nap2,3,15,75,77.5,8,8,1,0.1111,34.293,4.293,4.293,13.267
TT015,Nap2,3,16,80,82.5,6,6,2,0.25,33.159,3.159,3.401,7.044
TT015,Nap2,3,17,85,87.5,5,6,2,0.25,34.461,4.461,5.514,19.656
TT015,Nap2,3,18,90,92.5,0,0,0,,,,,
TT015,Wake1,1,0,0,2.5,9,10,0,0.0,29.555,-0.445,1.208,5.17
TT015,Wake1,1,1,5,7.5,10,9,0,0.0,31.65,1.65,3.731,14.292
TT015,Wake1,1,2,10,12.5,8,9,0,0.0,34.674,4.674,5.109,10.315
TT015,Wake1,1,3,15,17.5,0,0,0,,,,,
TT015,Wake2,4,0,0,2.5,11,11,0,0.0,25.722,-4.278,4.278,5.788
TT015,Wake2,4,1,5,7.5,10,11,0,0.0,25.375,-4.625,4.625,11.443
TT015,Wake2,4,2,10,12.5,13,12,1,0.0769,22.94,-7.06,7.06,11.684
TT015,Wake2,4,3,15,17.5,0,1,0,0.0,,,,
TT016,Nap1,2,0,0,2.5,7,8,1,0.1111,33.22,3.22,3.22,7.44
TT016,Nap1,2,1,5,7.5,6,6,3,0.3333,32.399,2.399,3.547,11.947
TT016,Nap1,2,2,10,12.5,1,1,3,0.75,37.613,7.613,7.613,
TT016,Nap1,2,3,15,17.5,0,0,0,,,,,
TT016,Nap2,3,0,0,2.5,4,5,1,0.1667,30.798,0.798,4.556,19.36
TT016,Nap2,3,1,5,7.5,2,2,3,0.6,26.554,-3.446,3.446,
TT016,Nap2,3,2,10,12.5,3,3,2,0.4,37.891,7.891,7.891,25.325
TT016,Nap2,3,3,15,17.5,3,3,2,0.4,30.04,0.04,2.439,10.695
TT016,Nap2,3,4,20,22.5,3,3,2,0.4,27.826,-2.174,2.724,9.94
TT016,Nap2,3,5,25,27.5,1,0,3,1.0,36.208,6.208,6.208,
TT016,Nap2,3,6,30,32.5,1,1,0,0.0,27.837,-2.163,2.163,
TT016,Nap2,3,7,35,37.5,2,3,2,0.4,22.011,-7.989,9.282,
TT016,Nap2,3,8,40,42.5,6,5,1,0.1667,25.829,-4.171,10.147,43.189
TT016,Nap2,3,9,45,47.5,1,2,1,0.3333,90.468,60.468,60.468,
TT016,Wake1,1,0,0,2.5,8,9,0,0.0,31.99,1.99,2.67,10.362
TT016,Wake1,1,1,5,7.5,8,8,1,0.1111,37.507,7.507,7.507,6.412
TT016,Wake1,1,2,10,12.5,5,5,6,0.5455,35.242,5.242,5.26,21.568
TT016,Wake1,1,3,15,17.5,0,0,0,,,,,
TT017,Nap1,2,0,0,2.5,2,3,3,0.5,31.376,1.376,1.376,
TT017,Nap1,2,1,5,7.5,0,0,0,,,,,
TT017,Nap2,3,0,0,2.5,6,7,1,0.125,22.116,-7.884,9.938,32.995
TT017,Nap2,3,1,5,7.5,1,1,2,0.6667,35.063,5.063,5.063,
TT017,Nap2,3,2,10,12.5,2,2,3,0.6,17.632,-12.368,12.368,
TT017,Nap2,3,3,15,17.5,0,0,0,,,,,
TT017,Nap2,3,4,20,22.5,9,9,3,0.25,19.798,-10.202,10.435,30.575
TT017,Nap2,3,5,25,27.5,5,5,2,0.2857,22.91,-7.09,13.419,58.956
TT017,Nap2,3,6,30,32.5,4,4,1,0.2,27.254,-2.746,9.831,49.598
TT017,Nap2,3,7,35,37.5,4,4,4,0.5,24.628,-5.372,11.877,55.279
TT017,Nap2,3,8,40,42.5,8,8,0,0.0,33.831,3.831,11.117,42.043
TT017,Nap2,3,9,45,47.5,8,8,2,0.2,26.054,-3.946,8.542,35.347
TT017,Nap2,3,10,50,52.5,4,4,2,0.3333,29.379,-0.621,1.836,9.783
TT017,Nap2,3,11,55,57.5,5,5,3,0.375,40.088,10.088,13.68,44.668
TT017,Nap2,3,12,60,62.5,6,6,1,0.1429,41.97,11.97,11.97,37.243
TT017,Nap2,3,13,65,67.5,7,7,0,0.0,32.803,2.803,2.803,8.713
TT017,Nap2,3,14,70,72.5,8,7,2,0.2222,31.809,1.809,3.517,12.426
TT017,Nap2,3,15,75,77.5,7,8,1,0.1111,38.201,8.201,12.551,35.095
TT017,Nap2,3,16,80,82.5,5,5,1,0.1667,35.527,5.527,5.527,12.9
TT017,Nap2,3,17,85,87.5,8,8,3,0.2727,28.329,-1.671,4.188,17.35
TT017,Nap2,3,18,90,92.5,0,0,0,,,,,
TT017,Wake1,1,0,0,2.5,12,12,4,0.25,18.423,-11.577,12.008,25.792
TT017,Wake1,1,1,5,7.5,7,8,1,0.1111,19.83,-10.17,10.17,14.437
TT017,Wake1,1,2,10,12.5,11,11,1,0.0833,25.206,-4.794,6.072,18.902
TT017,Wake1,1,3,15,17.5,1,2,0,0.0,28.952,-1.048,1.048,
TT017,Wake2,4,0,0,2.5,8,9,0,0.0,33.696,3.696,3.696,12.21
TT017,Wake2,4,1,5,7.5,9,8,0,0.0,34.797,4.797,4.797,3.658
TT017,Wake2,4,2,10,12.5,7,8,0,0.0,36.718,6.718,6.718,13.167
TT017,Wake2,4,3,15,17.5,0,0,0,,,,,
TT018,Nap1,2,0,0,2.5,9,9,0,0.0,31.141,1.141,2.372,10.335
TT018,Nap1,2,1,5,7.5,7,7,3,0.3,34.699,4.699,6.001,16.02
TT018,Nap1,2,2,10,12.5,4,5,6,0.5455,40.569,10.569,10.569,7.252
TT018,Nap1,2,3,15,17.5,5,4,9,0.6923,34.033,4.033,10.094,33.893
TT018,Nap1,2,4,20,22.5,4,5,9,0.6429,24.67,-5.33,6.996,49.654
TT018,Nap1,2,5,25,27.5,0,0,8,1.0,,,,
TT018,Nap1,2,6,30,32.5,0,0,0,,,,,
TT018,Nap2,3,0,0,2.5,5,5,2,0.2857,28.903,-1.097,5.558,30.589
TT018,Nap2,3,1,5,7.5,6,6,1,0.1429,32.559,2.559,2.589,7.123
TT018,Nap2,3,2,10,12.5,5,5,0,0.0,30.902,0.902,4.055,18.294
TT018,Nap2,3,3,15,17.5,7,8,0,0.0,23.969,-6.031,6.031,27.317
TT018,Nap2,3,4,20,22.5,8,8,0,0.0,26.199,-3.801,3.801,16.576
TT018,Nap2,3,5,25,27.5,7,7,3,0.3,24.901,-5.099,5.099,15.402
TT018,Nap2,3,6,30,32.5,5,5,6,0.5455,30.745,0.745,6.318,30.114
TT018,Nap2,3,7,35,37.5,2,2,6,0.75,34.331,4.331,8.569,
TT018,Nap2,3,8,40,42.5,6,6,4,0.4,28.541,-1.459,3.736,14.518
TT018,Nap2,3,9,45,47.5,0,0,6,1.0,,,,
TT018,Nap2,3,10,50,52.5,3,3,5,0.625,24.468,-5.532,9.606,50.789
TT018,Nap2,3,11,55,57.5,1,1,5,0.8333,49.718,19.718,19.718,
TT018,Nap2,3,12,60,62.5,10,9,6,0.4,22.109,-7.891,7.891,20.858
TT018,Nap2,3,13,65,67.5,4,6,7,0.5385,19.561,-10.439,10.439,18.916
TT018,Nap2,3,14,70,72.5,2,2,4,0.6667,55.948,25.948,29.36,
TT018,Nap2,3,15,75,77.5,7,7,3,0.3,22.604,-7.396,7.396,14.346
TT018,Nap2,3,16,80,82.5,9,8,2,0.2,27.437,-2.563,11.09,57.868
TT018,Nap2,3,17,85,87.5,12,13,2,0.1333,19.489,-10.511,16.295,68.333
TT018,Nap2,3,18,90,92.5,0,0,0,,,,,
TT018,Wake1,1,0,0,2.5,9,10,0,0.0,29.538,-0.462,1.225,5.152
TT018,Wake1,1,1,5,7.5,10,10,1,0.0909,28.996,-1.004,2.175,12.729
TT018,Wake1,1,2,10,12.5,10,10,0,0.0,29.27,-0.73,2.706,13.76
TT018,Wake1,1,3,15,17.5,0,0,0,,,,,
TT018,Wake2,4,0,0,2.5,14,14,0,0.0,19.9,-10.1,10.1,8.593
TT018,Wake2,4,1,5,7.5,18,19,2,0.0952,15.164,-14.836,14.836,15.002
TT018,Wake2,4,2,10,12.5,17,17,2,0.1053,17.074,-12.926,12.926,21.989
TT018,Wake2,4,3,15,17.5,0,0,0,,,,,
