subname,session,probe_num,probe_type,probe_type_raw,Perception,Bizarrerie,Spontaneite,Fluidite,Plaisir,Rapidite,Btn_rep,Btn_reset,Endormi,Parti,subj_min,obj_min,T_ratio,IRT_prepobe,AE_prepobe,CV_prepobe,IRT_slope,reset_ratio_prepobe,sleep_stage,commentaires
TT001,Nap1,1,end,fin,3.0,4.0,2.0,4.0,2.0,2.0,2.0,1.0,4.0,3.0,30.566666666666666,31.0,0.986021505376344,40.7286,12.542666666666667,41.99368508439246,-12.524250000000006,0.0,W,
TT001,Nap2,1,streak_response,R3,1.0,1.0,3.0,5.0,1.0,5.0,5.0,5.0,1.0,1.0,1.0333333333333334,1.0,1.0333333333333334,31.888600000000004,1.888600000000002,1.3526311488237053,,0.0,W,
TT001,Nap2,2,streak_response,R5,4.0,1.0,6.0,4.0,1.0,6.0,3.0,2.0,1.0,3.0,5.533333333333333,3.0,1.8444444444444443,31.781599999999997,2.8862857142857146,18.675398748215283,-1.5223142857142877,0.0,W,
TT001,Nap2,3,streak_response,R8,4.0,1.0,3.0,3.0,4.0,5.0,2.0,1.0,1.0,4.0,9.05,6.0,1.5083333333333335,34.38291666666667,4.382916666666666,7.351682466871439,-0.7708657142857118,0.0,W,
TT001,Nap2,4,streak_response,R8,4.0,1.0,2.0,3.0,4.0,4.0,2.0,1.0,1.0,4.0,13.016666666666667,8.0,1.6270833333333334,30.63938333333334,1.4746833333333325,5.695109498834084,0.14358571428571554,0.0,W,
TT001,Nap2,5,streak_response,R8,4.0,1.0,3.0,3.0,3.0,5.0,2.0,1.0,1.0,4.0,19.1,5.0,3.8200000000000003,48.126025,18.126025,19.363961451744427,0.758069999999998,0.0,W,
TT001,Nap2,6,streak_response,R8,2.0,4.0,2.0,2.0,1.0,3.0,1.0,1.0,1.0,4.0,27.583333333333332,10.0,2.7583333333333333,46.46916,16.46916,42.77060742068826,-8.73313,0.0,W,
TT001,Nap2,7,streak_response,R8,4.0,2.0,2.0,2.0,3.0,3.0,1.0,1.0,2.0,3.0,37.05,10.0,3.7049999999999996,37.97768,8.86096,38.459940350708955,5.25874,0.0,W,
TT001,Nap2,8,streak_response,R8,2.0,1.0,2.0,2.0,2.0,3.0,1.0,1.0,2.0,5.0,13.533333333333333,13.0,1.041025641025641,37.08844,7.0884399999999985,9.141085840585735,1.1345900000000018,0.0,W,
TT001,Nap2,9,streak_response,R8,3.0,1.0,2.0,2.0,1.0,3.0,1.0,1.0,1.0,4.0,12.533333333333333,11.0,1.1393939393939394,34.745916666666666,5.402783333333335,10.075966289341943,-0.4809400000000034,0.0,W,
TT001,Nap2,10,no_rep,sans rep,2.0,1.0,2.0,2.0,1.0,3.0,1.0,1.0,3.0,4.0,12.05,10.0,1.205,44.487,14.487000000000002,14.192998610666393,,0.0,1,
TT001,Nap2,11,no_rep,sans rép,2.0,1.0,1.0,2.0,1.0,3.0,1.0,1.0,4.0,4.0,15.55,6.0,2.591666666666667,46.216300000000004,16.2163,30.760842510351928,,0.0,2,
TT001,Nap2,12,no_rep,sans rep et fin,2.0,2.0,1.0,1.0,1.0,3.0,1.0,1.0,4.0,5.0,17.083333333333332,7.0,2.4404761904761902,43.996300000000005,13.996300000000002,20.30210008557189,,0.0,W,
TT001,Wake1,1,end,fin,3.0,1.0,4.0,4.0,1.0,4.0,,,2.0,1.0,12.0,17.0,0.7058823529411765,42.392475000000005,12.392475000000001,9.876243326821788,1.9083300000000032,0.0,W,
TT001,Wake2,1,end,fin,4.0,1.0,3.0,3.0,3.0,4.0,2.0,2.0,1.0,1.0,11.05,15.0,0.7366666666666667,44.375474999999994,14.375475,7.8756115637507715,0.7717099999999987,0.0,W,
TT002,Nap1,1,no_rep,no rep ,4.0,2.0,5.0,5.0,1.0,4.0,2.0,1.0,5.0,4.0,15.0,16.0,0.9375,38.498200000000004,13.856399999999999,37.48461869692948,-11.509449999999994,0.0,2,Il a répondu pile en même temps que l'alarme
TT002,Nap2,1,streak_response,R3,1.0,1.0,3.0,3.0,2.0,4.0,4.0,2.0,2.0,1.0,2.0,1.0,2.0,26.2713,3.7287,0.819309680880603,,0.0,W,
TT002,Nap2,2,streak_response,R5,2.0,1.0,3.0,5.0,2.0,4.0,3.0,2.0,3.0,2.0,4.5,3.0,1.5,22.967679999999998,7.032320000000001,24.27989832406972,2.5735299999999963,0.0,W,
TT002,Nap2,3,streak_response,R8,4.0,3.0,4.0,4.0,1.0,2.0,1.0,1.0,4.0,3.0,11.0,8.0,1.375,36.63788,11.654959999999999,36.20105543070349,0.5160099999999959,0.0,W,
TT002,Nap2,4,streak_response,R8,2.0,4.0,5.0,5.0,2.0,4.0,3.0,2.0,4.0,3.0,15.0,5.0,3.0,26.24002857142857,5.2384,24.128993569676556,-2.381028571428573,0.0,W,
TT002,Nap2,5,streak_reset,E3,5.0,1.0,5.0,4.0,2.0,4.0,2.0,1.0,5.0,4.0,3.0,5.0,0.6,30.759666666666664,1.017666666666667,4.886469131478512,1.1283000000000012,0.5,W,
TT002,Nap2,6,streak_reset,E5,5.0,2.0,4.0,4.0,2.0,3.0,3.0,2.0,4.0,2.0,4.0,6.0,0.6666666666666666,23.5765,6.423500000000001,,,0.8571428571428571,W,
TT002,Nap2,7,no_rep,no rep,4.0,2.0,,4.0,2.0,3.0,1.0,1.0,5.0,5.0,3.0,7.0,0.42857142857142855,,,,,1.0,W,
TT002,Nap2,8,streak_reset,E3,4.0,2.0,5.0,5.0,2.0,1.0,6.0,5.0,5.0,4.0,2.0,4.0,0.5,,,,,1.0,W,
TT002,Nap2,9,no_rep,no rep,5.0,4.0,5.0,6.0,2.0,,2.0,1.0,6.0,5.0,3.0,6.0,0.5,36.0745,6.0745000000000005,,,0.75,2,
TT002,Nap2,10,streak_reset,E3,6.0,4.0,6.0,3.0,2.0,3.0,2.0,1.0,6.0,5.0,2.0,4.0,0.5,22.866566666666667,7.1334333333333335,23.56680569878816,-1.8240999999999994,0.5,W,
TT002,Nap2,11,streak_reset,E5,4.0,1.0,5.0,4.0,1.0,5.0,3.0,2.0,5.0,3.0,3.0,5.0,0.6,32.47985,2.479849999999999,5.614863059275897,,0.7142857142857143,W,
TT002,Nap2,12,no_rep,no rép ,3.0,1.0,4.0,2.0,2.0,5.0,2.0,2.0,6.0,4.0,5.0,12.0,0.4166666666666667,,,,,1.0,W,
TT002,Nap2,13,streak_reset,E3,5.0,2.0,5.0,4.0,2.0,5.0,2.0,3.0,5.0,5.0,3.0,5.0,0.6,24.58973333333333,5.410266666666666,10.730188352527898,-0.9924499999999976,0.5,W,
TT002,Nap2,14,no_rep,no resp,4.0,3.0,2.0,3.0,1.0,5.0,5.0,4.0,6.0,5.0,4.0,12.0,0.3333333333333333,77.7027,47.70269999999999,,,0.6666666666666666,W,Reset peut être ? Juste avant l'alarme no rep
TT002,Nap2,15,end,fin,5.0,2.0,5.0,4.0,1.0,5.0,3.0,2.0,6.0,5.0,2.0,6.0,0.3333333333333333,31.167233333333332,8.9045,38.67412625866617,4.788099999999999,0.25,2,
TT002,Wake1,1,end,fin,3.0,1.0,4.0,5.0,2.0,4.0,3.0,2.0,3.0,2.0,13.0,15.0,0.8666666666666667,25.730214285714286,4.269785714285714,5.207663414332571,0.4564357142857156,0.0,W,
TT002,Wake2,1,end,fin,4.0,2.0,4.0,5.0,3.0,4.0,3.0,2.0,2.0,1.0,15.0,12.0,1.25,38.508539999999996,8.50854,10.673071353700141,-0.2774600000000037,0.16666666666666666,W,
TT003,Nap1,1,no_rep,"no resp, fin ",3.0,2.0,5.0,4.0,4.0,4.0,3.0,2.0,5.0,4.0,10.0,10.0,1.0,57.4462,27.446199999999997,3.761146047247013,,0.0,W,Dort sur le côté droit + confusion sur la dimension PERCEPTION
TT003,Nap2,1,streak_response,R3,2.0,2.0,1.0,2.0,3.0,4.0,4.0,3.0,2.0,1.0,4.0,3.0,1.3333333333333333,43.27865,13.278649999999999,0.00016338466685306057,,0.0,W,
TT003,Nap2,2,no_rep,no rep,4.0,2.0,4.0,2.0,5.0,4.0,2.0,3.0,6.0,5.0,10.0,15.0,0.6666666666666666,80.8699,50.8699,,,0.0,W,
TT003,Nap2,3,no_rep,no rep,6.0,2.0,5.0,3.0,3.0,5.0,3.0,3.0,5.0,4.0,5.0,7.0,0.7142857142857143,35.45,5.450000000000003,,,0.6666666666666666,W,
TT003,Nap2,4,streak_reset,E3,3.0,6.0,4.0,2.0,3.0,5.0,3.0,3.0,4.0,4.0,3.0,5.0,0.6,33.93816666666667,6.2429,29.110171053019645,-1.1263499999999962,0.5,W,
TT003,Nap2,5,no_rep,no rep,2.0,2.0,4.0,3.0,3.0,4.0,3.0,3.0,4.0,3.0,4.0,8.0,0.5,35.1377,5.137700000000002,,,0.6666666666666666,W,
TT003,Nap2,6,no_rep,no rep (reset pile en même temps),2.0,5.0,4.0,2.0,3.0,5.0,3.0,3.0,5.0,3.0,4.0,7.0,0.5714285714285714,40.8029,10.802900000000001,,,0.6666666666666666,W,
TT003,Nap2,7,no_rep,no rep,3.0,5.0,5.0,1.0,4.0,3.0,3.0,3.0,4.0,3.0,7.0,9.0,0.7777777777777778,23.7694,6.230599999999999,,,0.5,W,
TT003,Nap2,8,no_rep,no rep,3.0,6.0,4.0,2.0,4.0,5.0,3.0,3.0,4.0,3.0,5.0,6.0,0.8333333333333334,38.8625,8.862499999999997,,,0.5,W,à nouveau sur le dos
TT003,Nap2,9,streak_response,R5,5.0,1.0,2.0,3.0,5.0,3.0,4.0,3.0,3.0,2.0,5.0,5.0,1.0,41.47196000000001,11.471960000000001,14.030367724498488,0.11978999999999597,0.0,W,
TT003,Nap2,10,streak_response,R8,5.0,2.0,2.0,2.0,4.0,5.0,4.0,3.0,4.0,3.0,5.0,6.0,0.8333333333333334,32.928149999999995,9.750950000000001,48.86493668449593,1.299877142857143,0.0,W,
TT003,Nap2,11,streak_response,R8,3.0,5.0,4.0,2.0,4.0,3.0,4.0,3.0,3.0,3.0,5.0,8.0,0.625,31.755883333333333,12.856216666666667,48.75119207743964,0.6630371428571427,0.0,W,
TT003,Nap2,12,streak_response,R8,3.0,1.0,1.0,2.0,3.0,3.0,4.0,3.0,3.0,2.0,3.0,5.0,0.6,23.400066666666664,10.182644444444444,40.47171588874055,-2.2113050000000003,0.0,W,
TT003,Nap2,13,end,fin,3.0,2.0,4.0,1.0,3.0,3.0,3.0,3.0,5.0,3.0,3.0,5.0,0.6,47.0173,17.0173,8.847012378439388,,0.0,2,
TT003,Wake1,1,end,fin,5.0,6.0,2.0,2.0,4.0,1.0,5.0,4.0,5.0,4.0,15.0,15.0,1.0,33.3554,3.3553999999999995,8.640526560544481,-1.7972000000000012,0.3333333333333333,W,2 premières min mauvais signal pingouins (pause pour remettre les mains)
TT003,Wake2,1,end,fin,4.0,1.0,1.0,2.0,5.0,3.0,3.0,3.0,1.0,1.0,15.0,15.0,1.0,43.002825,13.002825,15.527377528850375,4.61531,0.0,W,
TT004,Nap1,1,no_rep,no resp,1.0,4.0,1.0,3.0,1.0,2.0,2.0,4.0,5.0,5.0,21.5,22.0,0.9772727272727273,24.9048,5.095199999999998,,,0.8333333333333334,W,
TT004,Nap2,1,streak_response,R3,1.0,1.0,1.0,1.0,1.0,3.0,5.0,5.0,1.0,1.0,2.5166666666666666,2.0,1.2583333333333333,29.04835,0.9516500000000008,2.8375944755180904,,0.0,W,
TT004,Nap2,2,streak_response,R5,1.0,1.0,1.0,1.0,1.0,3.0,4.0,5.0,1.0,1.0,4.4,3.0,1.4666666666666668,28.76284,1.4751199999999998,4.567802186131024,-0.20029999999999964,0.0,W,
TT004,Nap2,3,streak_response,R8,1.0,1.0,1.0,1.0,1.0,3.0,3.0,4.0,1.0,1.0,7.5,6.0,1.25,30.588866666666664,1.6911999999999996,9.296011532534987,-0.6705714285714295,0.0,W,
TT004,Nap2,4,streak_reset,E3,3.0,4.0,,3.0,1.0,4.0,2.0,3.0,2.0,3.0,12.616666666666667,7.0,1.8023809523809524,26.743575,7.764825000000001,44.77842721284199,0.8029499999999984,0.6,W,
TT004,Nap2,5,streak_reset,E5,2.0,3.0,1.0,4.0,1.0,4.0,2.0,3.0,2.0,4.0,17.666666666666668,8.0,2.2083333333333335,26.0111,4.9129000000000005,26.71124946881439,,0.8,W,
TT004,Nap2,6,streak_reset,E8,2.0,2.0,1.0,1.0,1.0,4.0,2.0,3.0,3.0,4.0,6.25,4.0,1.5625,30.0362,0.0362000000000009,,,0.9,W,
TT004,Nap2,7,no_rep,no rep,1.0,2.0,1.0,1.0,1.0,4.0,2.0,3.0,4.0,4.0,3.5,4.0,0.875,,,,,1.0,W,
TT004,Nap2,8,streak_reset,E3,3.0,4.0,1.0,1.0,1.0,4.0,2.0,3.0,4.0,5.0,3.6666666666666665,3.0,1.222222222222222,24.2902,5.709800000000001,,,0.8333333333333334,W,
TT004,Nap2,9,no_rep,no rep,2.0,3.0,1.0,1.0,1.0,4.0,2.0,3.0,4.0,5.0,7.333333333333333,7.0,1.0476190476190477,35.523399999999995,5.523399999999999,4.46716541304844,,0.5,W,
TT004,Nap2,10,streak_reset,E3,1.0,1.0,1.0,1.0,1.0,6.0,2.0,3.0,3.0,4.0,1.9,3.0,0.6333333333333333,,,,,,W,
TT004,Nap2,11,streak_reset,E5,1.0,5.0,1.0,5.0,1.0,6.0,2.0,2.0,3.0,5.0,3.25,5.0,0.65,51.01365,21.01365,20.076043346578018,,0.7142857142857143,W,
TT004,Nap2,12,streak_reset,E8,1.0,4.0,1.0,1.0,1.0,6.0,2.0,2.0,4.0,5.0,4.833333333333333,9.0,0.537037037037037,32.450450000000004,5.289350000000001,23.051361402193592,,0.8333333333333334,W,
TT004,Nap2,13,streak_reset,E8,1.0,3.0,1.0,1.0,1.0,6.0,2.0,1.0,5.0,6.0,3.5666666666666664,4.0,0.8916666666666666,33.5015,3.5015,,,0.9,W,S'est trompée de mains?
TT004,Nap2,14,no_rep,no rep (j'en ai peut être raté un avant),1.0,2.0,1.0,1.0,1.0,6.0,1.0,2.0,5.0,6.0,5.0,9.0,0.5555555555555556,,,,,1.0,2,"(je pense que j'ai mal interprêté un signal comme une réponse, dcp presque 3 min sans rep) / Elle ronfle??"
TT004,Nap2,15,no_rep,no rep,1.0,4.0,1.0,1.0,1.0,6.0,1.0,1.0,6.0,6.0,2.0,3.0,0.6666666666666666,,,,,,2,
TT004,Nap2,16,end,fin,1.0,2.0,1.0,1.0,1.0,6.0,1.0,1.0,4.0,4.0,7.416666666666667,13.0,0.5705128205128205,29.986733333333333,1.8583333333333343,8.123995155491455,0.28160000000000057,0.5714285714285714,W,
TT004,Wake1,1,end,fin,2.0,4.0,1.0,4.0,1.0,2.0,4.0,3.0,5.0,4.0,17.0,15.0,1.1333333333333333,21.051560000000002,8.94844,26.310386202139924,1.399289999999999,0.4444444444444444,W,
TT004,Wake2,1,end,fin,1.0,1.0,6.0,6.0,1.0,4.0,2.0,2.0,2.0,1.0,17.45,15.0,1.1633333333333333,38.0333,8.0333,12.862312238880891,2.031739999999996,0.0,W,
TT005,Nap1,1,no_rep,no resp,4.0,5.0,5.0,3.0,3.0,1.0,4.0,1.0,6.0,6.0,10.0,25.0,0.4,,,,,1.0,W,
TT005,Nap2,1,streak_response,R3,1.0,1.0,1.0,1.0,3.0,6.0,6.0,6.0,1.0,1.0,1.5,2.0,0.75,34.70615,4.706149999999999,11.17906825646885,,0.0,W,
TT005,Nap2,2,streak_response,R5,1.0,1.0,1.0,1.0,1.0,6.0,6.0,6.0,1.0,1.0,2.0,4.0,0.5,33.0985,3.503100000000001,10.310336096067305,1.4509499999999935,0.0,W,
TT005,Nap2,3,streak_response,R8,3.0,3.0,4.0,1.0,1.0,3.0,6.0,6.0,2.0,1.0,4.166666666666667,7.0,0.5952380952380952,40.89662,10.89662,16.57076933427033,1.4817600000000006,0.0,W,
TT005,Nap2,4,streak_response,R8,4.0,2.0,4.0,3.0,3.0,1.0,6.0,6.0,2.0,2.0,5.5,7.0,0.7857142857142857,36.13382,6.13382,9.918738860661788,-0.4363600000000039,0.0,W,
TT005,Nap2,5,safety,safety probe (manual),4.0,5.0,5.0,4.0,4.0,1.0,6.0,6.0,3.0,2.0,15.0,17.0,0.8823529411764706,34.03216666666666,6.158433333333332,19.000667845611854,1.643249999999996,0.4,W,
TT005,Nap2,6,safety,safety probe (manual),5.0,5.0,4.0,4.0,4.0,1.0,6.0,6.0,5.0,2.0,15.0,15.0,1.0,36.171,6.170999999999999,7.645612842389174,,0.6666666666666666,W,
TT005,Nap2,7,streak_reset,E3,5.0,3.0,5.0,3.0,4.0,1.0,6.0,6.0,4.0,2.0,7.25,10.0,0.725,28.1672,4.1524,20.84829303728464,,0.6666666666666666,W,
TT005,Nap2,8,streak_reset,E5,5.0,2.0,3.0,3.0,3.0,4.0,6.0,6.0,4.0,3.0,3.0,6.0,0.5,26.4681,3.5319000000000003,,,0.8888888888888888,W,
TT005,Nap2,9,no_rep,no rep,5.0,4.0,5.0,3.0,3.0,3.0,6.0,6.0,4.0,4.0,3.0,6.0,0.5,,,,,1.0,2,
TT005,Nap2,10,streak_reset,E3,4.0,3.0,4.0,3.0,3.0,6.0,6.0,6.0,3.0,3.0,2.0,4.0,0.5,29.66155,2.2264500000000016,10.615344733992591,,0.6666666666666666,W,
TT005,Nap2,11,no_rep,no rep,4.0,2.0,3.0,3.0,3.0,6.0,6.0,6.0,3.0,3.0,3.0,10.0,0.3,39.2863,13.531899999999998,48.71162849307897,,0.5,W,
TT005,Nap2,12,end,fin,3.0,1.0,4.0,3.0,3.0,6.0,6.0,6.0,3.0,2.0,1.5,2.0,0.75,,,,,,W,
TT005,Wake1,1,end,fin,3.0,5.0,2.0,3.0,2.0,1.0,3.0,1.0,3.0,4.0,5.066666666666666,16.0,0.31666666666666665,32.52638,7.762019999999998,35.796511280673165,-3.902970000000007,0.2857142857142857,W,a fermé les yeux vers 12h49 et a arrêté de répondre 
TT005,Wake2,1,end,fin,1.0,1.0,1.0,1.0,3.0,1.0,6.0,6.0,1.0,1.0,10.0,14.0,0.7142857142857143,35.07216,6.1606000000000005,34.85023854290546,0.42153999999999636,0.0,W,
TT006,Nap1,1,no_rep,no rep ,5.0,6.0,6.0,6.0,6.0,6.0,3.0,3.0,5.0,6.0,,,,,,,,1.0,W,
TT006,Nap2,1,streak_response,R3,4.0,2.0,6.0,5.0,3.0,6.0,3.0,3.0,2.0,3.0,1.0,2.0,0.5,34.1279,4.1279,0.06671620097985523,,0.0,W,
TT006,Nap2,2,streak_response,R5,4.0,6.0,3.0,5.0,2.0,5.0,3.0,2.0,2.0,1.0,3.0,5.0,0.6,32.947019999999995,2.9470199999999998,3.3679652168785044,0.5620999999999982,0.0,W,
TT006,Nap2,3,streak_reset,E3,4.0,5.0,6.0,6.0,3.0,3.0,4.0,4.0,3.0,2.0,5.0,5.0,1.0,32.371175,2.371175000000001,4.88689969388921,-1.1554499999999999,0.5,W,
TT006,Nap2,4,no_rep,no rep ,5.0,6.0,6.0,6.0,4.0,5.0,3.0,2.0,5.0,4.0,5.0,6.0,0.8333333333333334,35.2061,5.206099999999999,,,0.6666666666666666,W,
TT006,Nap2,5,streak_reset,E3,5.0,6.0,6.0,6.0,5.0,5.0,2.0,2.0,5.0,4.0,2.0,4.0,0.5,32.9462,2.9461999999999975,,,0.8333333333333334,W,
TT006,Nap2,6,streak_reset,E5,5.0,4.0,6.0,6.0,4.0,5.0,3.0,3.0,4.0,2.0,2.5,4.0,0.625,33.78003333333333,3.7800333333333334,3.677603340929675,0.02980000000000139,0.625,W,
TT006,Nap2,7,streak_reset,E8,6.0,4.0,6.0,6.0,3.0,3.0,3.0,2.0,4.0,3.0,5.0,7.0,0.7142857142857143,31.7565,1.756499999999999,,,0.9,W,
TT006,Nap2,8,streak_reset,E8,5.0,6.0,6.0,5.0,4.0,3.0,2.0,2.0,3.0,4.0,2.0,5.0,0.4,,,,,1.0,W,
TT006,Nap2,9,no_rep,no rep ,5.0,4.0,6.0,5.0,3.0,4.0,2.0,2.0,3.0,2.0,5.0,15.0,0.3333333333333333,,,,,1.0,W,Appuie sur reset quand alarme sonne
TT006,Nap2,10,streak_reset,E3,2.0,6.0,6.0,5.0,3.0,3.0,3.0,3.0,3.0,4.0,0.5,2.0,0.25,,,,,,W,
TT006,Nap2,11,streak_reset,E5,5.0,2.0,6.0,6.0,5.0,3.0,3.0,3.0,4.0,3.0,7.0,12.0,0.5833333333333334,32.5278,2.527799999999999,2.5086271604266916,,0.7142857142857143,W,
TT006,Nap2,12,streak_response,R8,4.0,2.0,6.0,5.0,3.0,2.0,3.0,3.0,2.0,3.0,5.0,8.0,0.625,32.498666666666665,2.4986666666666673,5.754938791269946,-0.7656971428571431,0.0,W,
TT006,Nap2,13,streak_reset,E3,1.0,1.0,1.0,1.0,1.0,3.0,4.0,4.0,1.0,1.0,3.0,5.0,0.6,30.334425,0.5604750000000003,2.150638492194914,-0.4608099999999988,0.3333333333333333,W,
TT006,Nap2,14,end,fin ,1.0,1.0,1.0,1.0,1.0,2.0,4.0,4.0,1.0,1.0,4.0,7.0,0.5714285714285714,30.123699999999996,1.0182600000000002,5.358322829814488,-0.526960000000004,0.16666666666666666,W,
TT006,Wake1,1,end,fin ,4.0,6.0,2.0,3.0,5.0,4.0,5.0,4.0,3.0,3.0,10.0,16.0,0.625,34.11734,4.11734,3.2206347347396247,-0.3916999999999998,0.0,W,
TT006,Wake2,1,end,fin ,1.0,1.0,3.0,2.0,1.0,1.0,6.0,6.0,1.0,1.0,10.0,15.0,0.6666666666666666,25.70692857142857,5.186928571428571,30.767369409742457,-1.9123357142857125,0.0,W,
TT007,Nap1,1,no_rep,no resp,2.0,4.0,6.0,4.0,6.0,5.0,4.0,4.0,5.0,6.0,10.0,12.0,0.8333333333333334,,,,,1.0,2,
TT007,Nap2,1,streak_response,R3,2.0,1.0,6.0,6.0,5.0,6.0,6.0,5.0,3.0,1.0,2.0,2.0,1.0,28.093,1.907,0.8980731838086358,,0.0,W,
TT007,Nap2,2,streak_response,R5,3.0,1.0,6.0,5.0,5.0,6.0,4.0,4.0,3.0,3.0,2.5666666666666664,4.0,0.6416666666666666,28.70484,1.2951599999999999,2.3870257185278247,0.27654000000000034,0.0,W,
TT007,Nap2,3,streak_reset,E3,,5.0,6.0,2.0,,5.0,3.0,4.0,4.0,5.0,10.0,5.0,2.0,39.21935,11.56125,41.68880042118481,,0.6666666666666666,W,
TT007,Nap2,4,streak_reset,E5,4.0,2.0,4.0,3.0,4.0,5.0,4.0,2.0,4.0,5.0,,7.0,,29.70085,1.77515,8.452422086393486,,0.75,W,
TT007,Nap2,5,no_rep,no rep,5.0,4.0,6.0,3.0,5.0,5.0,5.0,3.0,6.0,5.0,12.0,7.0,1.7142857142857142,,,,,1.0,W,
TT007,Nap2,6,streak_reset,E3,4.0,2.0,5.0,5.0,6.0,6.0,2.0,2.0,5.0,3.0,5.0,3.0,1.6666666666666667,27.2258,2.7742000000000004,,,0.75,1,
TT007,Nap2,7,streak_reset,E5,,5.0,6.0,3.0,4.0,5.0,2.0,3.0,5.0,6.0,15.0,10.0,1.5,26.8141,3.1859,2.9804173330338792,,0.7777777777777778,W,
TT007,Nap2,8,no_rep,no rep,3.0,2.0,4.0,5.0,5.0,6.0,2.0,2.0,5.0,5.0,5.0,7.0,0.7142857142857143,,,,,1.0,W,
TT007,Nap2,9,no_rep,no rep (avec reset pile pendant l'alarme),1.0,1.0,5.0,5.0,6.0,6.0,4.0,3.0,6.0,6.0,2.0,3.0,0.6666666666666666,,,,,,W,Reset pile pendant l'alarme
TT007,Nap2,10,streak_reset,E3,3.0,1.0,5.0,5.0,5.0,6.0,1.0,2.0,4.0,5.0,2.5,3.0,0.8333333333333334,34.1829,4.1828999999999965,,,0.75,W,
TT007,Nap2,11,streak_reset,E5,,2.0,5.0,4.0,6.0,6.0,2.0,1.0,5.0,6.0,4.0,4.0,1.0,29.7098,0.44589999999999996,2.122524646622202,,0.7142857142857143,W,
TT007,Nap2,12,no_rep,no rep,5.0,4.0,5.0,5.0,6.0,6.0,2.0,,6.0,5.0,4.5,8.0,0.5625,18.8028,11.197199999999999,,,0.6666666666666666,2,
TT007,Nap2,13,streak_reset,E3,5.0,2.0,4.0,5.0,5.0,6.0,2.0,3.0,5.0,4.0,3.0,5.0,0.6,30.493175,4.980175,19.428153899697918,-3.55613,0.5,W,
TT007,Nap2,14,streak_reset,E5,5.0,3.0,5.0,4.0,5.0,6.0,1.0,2.0,5.0,6.0,3.5,5.0,0.7,,,,,1.0,1,On était à 2s de l'alarme no rep
TT007,Nap2,15,no_rep,no rep,2.0,2.0,4.0,3.0,5.0,5.0,5.0,2.0,6.0,6.0,5.0,7.0,0.7142857142857143,41.9221,11.9221,,,0.6666666666666666,2,
TT007,Nap2,16,streak_reset,E3,5.0,4.0,4.0,2.0,5.0,6.0,1.0,2.0,6.0,6.0,2.0,3.0,0.6666666666666666,,,,,,W,
TT007,Nap2,17,end,fin (ne répondait plus depuis 1 min20),5.0,3.0,5.0,4.0,4.0,5.0,1.0,1.0,6.0,6.0,5.0,4.0,1.25,26.0595,3.9405,,,0.6666666666666666,2,
TT007,Wake1,1,end,fin,6.0,1.0,5.0,3.0,5.0,4.0,6.0,6.0,1.0,2.0,7.5,14.0,0.5357142857142857,32.35096,2.3747999999999996,5.563457257115464,-0.32161000000000334,0.0,W,
TT007,Wake2,1,end,fin,4.0,1.0,3.0,1.0,5.0,2.0,3.0,2.0,1.0,2.0,,15.0,,31.000616666666662,1.4926166666666667,5.3323562349113365,0.8141514285714313,0.0,W,
TT008,Nap1,1,no_rep,fin (pas de no rep),3.0,2.0,6.0,5.0,2.0,2.0,2.0,3.0,4.0,5.0,20.283333333333335,50.0,0.4056666666666667,45.808525,19.325275,41.631468872845254,14.458750000000002,0.0,W, Réponse en meme tps que la probe | fin au bout de 30 min pcq répond tout le temps
TT008,Nap2,1,streak_response,R3,3.0,2.0,5.0,3.0,4.0,5.0,2.0,2.0,2.0,2.0,1.95,1.0,1.95,30.33455,0.3345500000000001,0.17133054031529463,,0.0,W,
TT008,Nap2,2,streak_response,R5,3.0,3.0,3.0,5.0,2.0,4.0,2.0,1.0,1.0,2.0,4.0,4.0,1.0,24.46542,5.53458,6.696674811034359,-0.5138100000000041,0.0,W,
TT008,Nap2,3,streak_response,R8,4.0,2.0,5.0,5.0,4.0,3.0,1.0,1.0,1.0,1.0,6.333333333333333,3.0,2.111111111111111,23.152175,6.847825,6.70587516383668,-0.24600714285714412,0.0,W,
TT008,Nap2,4,streak_response,R8,4.0,3.0,5.0,5.0,2.0,4.0,1.0,2.0,1.0,1.0,3.5666666666666664,5.0,0.7133333333333333,22.652412499999997,7.3475874999999995,10.774638253177159,-0.33211309523809524,0.0,W,
TT008,Nap2,5,streak_response,R8,2.0,1.0,6.0,3.0,2.0,3.0,5.0,4.0,1.0,1.0,4.616666666666667,5.0,0.9233333333333335,20.821412499999997,9.178587499999999,4.594254980497901,0.051284523809522226,0.0,W,
TT008,Nap2,6,streak_response,R8,2.0,1.0,2.0,4.0,2.0,2.0,4.0,3.0,1.0,1.0,3.6166666666666667,6.0,0.6027777777777777,27.100314285714283,2.8996857142857144,7.1111757379383524,-0.4654750000000003,0.0,W,
TT008,Nap2,7,streak_response,R8,4.0,3.0,5.0,5.0,3.0,5.0,1.0,1.0,1.0,3.0,3.5666666666666664,5.0,0.7133333333333333,21.282175000000002,8.717825,9.55475956631373,-0.5998452380952399,0.0,W,
TT008,Nap2,8,streak_response,R8,2.0,3.0,4.0,2.0,2.0,3.0,4.0,3.0,1.0,4.0,6.066666666666666,6.0,1.011111111111111,22.7620625,7.237937499999999,17.471775559719298,0.2768630952380938,0.0,W,Il a fait son premier reset donc j'ai laissé la streak de R8 se faire
TT008,Nap2,9,streak_response,R8,5.0,2.0,4.0,4.0,4.0,2.0,3.0,2.0,1.0,3.0,8.016666666666667,10.0,0.8016666666666667,42.99924,12.99924,15.257280762015885,-0.26842000000000554,0.0,W,2 reset avant la streak de 8
TT008,Nap2,10,streak_response,R8,3.0,3.0,4.0,5.0,2.0,2.0,2.0,1.0,1.0,4.0,7.533333333333333,8.0,0.9416666666666667,45.563175,15.563175,7.989346232564247,-1.4252099999999972,0.0,W,Après cette probe dort sur sa gauche
TT008,Nap2,11,safety,safety (pendant reset),6.0,5.0,6.0,6.0,4.0,5.0,1.0,2.0,3.0,5.0,9.116666666666667,17.0,0.5362745098039216,44.059333333333335,14.059333333333333,5.614567458038031,-2.464600000000008,0.5,W,
TT008,Nap2,12,streak_response,R8,5.0,6.0,6.0,5.0,4.0,5.0,1.0,2.0,5.0,5.0,6.016666666666667,7.0,0.8595238095238095,32.079299999999996,3.5216333333333325,11.338324041322405,0.16234857142856954,0.0,W,
TT008,Nap2,13,streak_response,R8,4.0,4.0,5.0,4.0,4.0,5.0,1.0,1.0,4.0,5.0,7.033333333333333,7.0,1.0047619047619047,34.91691666666667,5.700149999999998,12.832456061028195,0.48986571428571574,0.0,W,
TT008,Nap2,14,end,fin,3.0,1.0,5.0,5.0,3.0,3.0,2.0,2.0,2.0,1.0,0.5333333333333333,3.0,0.17777777777777778,,,,,,W,
TT008,Wake1,1,end,fin,5.0,2.0,6.0,4.0,3.0,3.0,3.0,4.0,3.0,2.0,8.433333333333334,15.0,0.5622222222222223,29.817850000000004,2.449716666666667,9.675076314932216,1.1009799999999994,0.0,W,
TT008,Wake2,1,end,fin,3.0,4.0,3.0,3.0,3.0,2.0,3.0,2.0,1.0,1.0,9.666666666666666,15.0,0.6444444444444444,31.462199999999996,1.789333333333334,6.666809718457952,-0.40405142857142995,0.0,W,
TT009,Nap1,1,no_rep,no resp,5.0,4.0,5.0,4.0,3.0,2.0,2.0,2.0,5.0,5.0,25.0,19.0,1.3157894736842106,,,,,,,
TT009,Nap2,1,streak_response,R3,2.0,1.0,1.0,1.0,2.0,2.0,6.0,6.0,1.0,2.0,2.0,,,,,,,,,
TT009,Nap2,2,no_rep,no rep,4.0,4.0,4.0,4.0,3.0,3.0,2.0,2.0,4.0,5.0,,8.0,,,,,,,,
TT009,Nap2,3,streak_reset,E3,3.0,2.0,3.0,2.0,1.0,1.0,2.0,2.0,2.0,3.0,,4.0,,,,,,,,
TT009,Nap2,4,streak_response,R5,4.0,5.0,4.0,4.0,2.0,2.0,3.0,2.0,2.0,4.0,,5.0,,,,,,,,
TT009,Nap2,5,streak_reset,E3,4.0,4.0,3.0,3.0,1.0,2.0,3.0,3.0,2.0,4.0,,5.0,,,,,,,,
TT009,Nap2,6,no_rep,no rep,,4.0,5.0,4.0,3.0,2.0,1.0,1.0,3.0,5.0,,5.0,,,,,,,,
TT009,Nap2,7,no_rep,no rep,4.0,6.0,6.0,3.0,2.0,3.0,3.0,3.0,4.0,6.0,,4.0,,,,,,,,
TT009,Nap2,8,streak_reset,E3,3.0,3.0,3.0,2.0,2.0,2.0,3.0,4.0,3.0,4.0,,3.0,,,,,,,,
TT009,Nap2,9,streak_reset,E5,4.0,4.0,5.0,4.0,2.0,3.0,2.0,3.0,2.0,3.0,,6.0,,,,,,,,
TT009,Nap2,10,no_rep,no rep,3.0,4.0,4.0,2.0,2.0,2.0,4.0,3.0,3.0,5.0,,7.0,,,,,,,,Ondes très lentes!
TT009,Nap2,11,no_rep,no rep,3.0,4.0,3.0,3.0,2.0,2.0,1.0,3.0,4.0,5.0,,3.0,,,,,,,,"Pour moi ça dort, mais s'appuie légèrement sur sa droite"
TT009,Nap2,12,no_rep,no rep,4.0,4.0,5.0,4.0,3.0,2.0,3.0,3.0,4.0,4.0,,4.0,,,,,,,,
TT009,Nap2,13,streak_reset,E3,5.0,4.0,4.0,5.0,3.0,4.0,3.0,3.0,5.0,5.0,,3.0,,,,,,,,
TT009,Nap2,14,no_rep,no rep,4.0,2.0,4.0,3.0,2.0,2.0,2.0,3.0,3.0,5.0,,6.0,,,,,,,,Mini truc juste avant l'alarme main gauche mais pas une réponse à priori vu qu'il était à 13
TT009,Nap2,15,streak_reset,E3,4.0,2.0,4.0,4.0,3.0,3.0,2.0,2.0,3.0,4.0,,3.0,,,,,,,,
TT009,Nap2,16,no_rep,no rep,3.0,3.0,3.0,2.0,2.0,3.0,3.0,3.0,2.0,4.0,,6.0,,,,,,,,
TT009,Nap2,17,no_rep,no rep,4.0,3.0,4.0,4.0,2.0,3.0,4.0,3.0,,4.0,,8.0,,,,,,,,
TT009,Nap2,18,no_rep,fin (no rep),4.0,3.0,4.0,3.0,2.0,2.0,2.0,2.0,2.0,4.0,,7.0,,,,,,,,"Lâche son pingouin droit pour remettre un truc, ouvre les yeux, puis les referme"
TT009,Wake1,1,end,fin,4.0,2.0,2.0,2.0,2.0,3.0,3.0,1.0,3.0,2.0,12.783333333333333,15.0,0.8522222222222222,,,,,,,lève le bras pour squeeze le pingouins-génère un peu de bruit autour du signal
TT009,Wake2,1,end,fin,3.0,2.0,4.0,5.0,3.0,2.0,1.0,1.0,2.0,4.0,16.0,15.0,1.0666666666666667,,,,,,,je pense qu'il n'appuie qu'une fois sur les pingouins + ferme les yeux sur la dernière minute et est sur le point d'oublier de répondre
TT010,Nap1,1,no_rep,no rep,2.0,2.0,6.0,4.0,4.0,3.0,3.0,3.0,6.0,5.0,10.5,16.0,0.65625,,,,,,,
TT010,Nap2,1,streak_response,R3,2.0,1.0,1.0,5.0,2.0,3.0,2.0,2.0,3.0,1.0,2.5,2.0,1.25,,,,,,,
TT010,Nap2,2,streak_reset,E3,1.0,1.0,1.0,4.0,1.0,3.0,2.0,2.0,3.0,3.0,3.4166666666666665,6.0,0.5694444444444444,,,,,,,
TT010,Nap2,3,streak_reset,E5,4.0,2.0,6.0,2.0,5.0,3.0,2.0,3.0,4.0,2.0,5.5,5.0,1.1,,,,,,,
TT010,Nap2,4,no_rep,no rep,1.0,1.0,6.0,1.0,1.0,2.0,2.0,2.0,5.0,4.0,7.166666666666667,5.0,1.4333333333333333,,,,,,,"Après cette probe, commence à dormir sur le côté gauche"
TT010,Nap2,5,streak_reset,E3,2.0,1.0,6.0,4.0,1.0,5.0,2.0,2.0,5.0,3.0,2.0,4.0,0.5,,,,,,,
TT010,Nap2,6,no_rep,no rep,3.0,3.0,6.0,3.0,3.0,5.0,2.0,2.0,6.0,4.0,5.0,5.0,1.0,,,,,,,
TT010,Nap2,7,no_rep, no rep,3.0,4.0,6.0,3.0,3.0,4.0,1.0,1.0,6.0,4.0,7.0,4.0,1.75,,,,,,,
TT010,Nap2,8,streak_reset,E3,4.0,1.0,3.0,4.0,2.0,6.0,1.0,1.0,5.0,2.0,3.0,2.0,1.5,,,,,,,
TT010,Nap2,9,streak_reset,E5,4.0,3.0,6.0,4.0,5.0,5.0,1.0,1.0,6.0,5.0,6.0,4.0,1.5,,,,,,,"Replace sa tête plus au centre, un peu appuyée sur la droite cette fois"
TT010,Nap2,10,no_rep,no rep,4.0,2.0,6.0,4.0,4.0,5.0,2.0,2.0,6.0,4.0,10.0,4.0,2.5,,,,,,,
TT010,Nap2,11,no_rep,no rep,4.0,5.0,6.0,4.0,6.0,5.0,2.0,2.0,6.0,5.0,5.0,3.0,1.6666666666666667,,,,,,,
TT010,Nap2,12,no_rep,no rep,2.0,1.0,3.0,4.0,2.0,5.0,1.0,1.0,5.0,5.0,5.0,4.0,1.25,,,,,,,
TT010,Nap2,13,streak_reset,E3,4.0,2.0,6.0,5.0,5.0,4.0,1.0,1.0,5.0,3.0,7.0,6.0,1.1666666666666667,,,,,,,
TT010,Nap2,14,no_rep,no rep,4.0,2.0,3.0,4.0,2.0,3.0,1.0,1.0,6.0,3.0,10.0,5.0,2.0,,,,,,,
TT010,Nap2,15,no_rep,no rep,5.0,2.0,6.0,4.0,4.0,3.0,1.0,1.0,6.0,3.0,8.666666666666666,5.0,1.7333333333333332,,,,,,,
TT010,Nap2,16,no_rep,no rep,3.0,2.0,6.0,4.0,2.0,4.0,1.0,1.0,6.0,4.0,5.0,4.0,1.25,,,,,,,Après cette probe se remet sur le côté gauche
TT010,Nap2,17,streak_reset,E3,2.0,1.0,3.0,5.0,1.0,5.0,1.0,2.0,3.0,2.0,5.0,4.0,1.25,,,,,,,Se couche franchement sur la gauche
TT010,Nap2,18,no_rep,no rep,3.0,1.0,6.0,4.0,1.0,4.0,2.0,2.0,6.0,5.0,10.0,7.0,1.4285714285714286,,,,,,,
TT010,Nap2,19,no_rep,no rep,5.0,2.0,6.0,5.0,4.0,4.0,2.0,2.0,6.0,4.0,10.0,3.0,3.3333333333333335,,,,,,,
TT010,Nap2,20,streak_response,R3 (R4 en réalité),2.0,1.0,3.0,5.0,1.0,5.0,2.0,2.0,5.0,3.0,5.0,2.0,2.5,,,,,,,
TT010,Nap2,21,no_rep,fin (no rep),3.0,1.0,6.0,4.0,5.0,4.0,2.0,2.0,6.0,4.0,10.0,4.0,2.5,,,,,,,
TT010,Wake1,1,end,fin,1.0,1.0,1.0,3.0,1.0,2.0,2.0,3.0,4.0,2.0,12.75,15.0,0.85,,,,,,,réponse en mm tps que la probe
TT010,Wake2,1,end,fin,2.0,1.0,1.0,6.0,1.0,1.0,2.0,1.0,1.0,2.0,13.666666666666666,15.0,0.9111111111111111,,,,,,,répponse en m tps que l'aarme
TT011,Nap1,1,no_rep,fin (pas de no rep),2.0,4.0,3.0,3.0,2.0,2.0,3.0,2.0,4.0,3.0,20.0,31.0,0.6451612903225806,,,,,,W,
TT011,Nap2,1,streak_response,R3,2.0,1.0,4.0,4.0,1.0,6.0,5.0,3.0,2.0,1.0,2.0,1.0,2.0,,,,,,W,
TT011,Nap2,2,streak_response,R5,5.0,2.0,3.0,3.0,2.0,5.0,6.0,5.0,1.0,1.0,1.0,5.0,0.2,,,,,,W,
TT011,Nap2,3,streak_response,R8,3.0,4.0,3.0,2.0,1.0,5.0,5.0,6.0,2.0,1.0,5.0,7.0,0.7142857142857143,,,,,,W,
TT011,Nap2,4,streak_response,R8,2.0,4.0,2.0,2.0,3.0,4.0,3.0,5.0,4.0,4.0,2.5,7.0,0.35714285714285715,,,,,,W,
TT011,Nap2,5,streak_response,R8,2.0,3.0,3.0,4.0,1.0,5.0,2.0,1.0,4.0,6.0,4.0,6.0,0.6666666666666666,,,,,,W,
TT011,Nap2,6,streak_response,R8,3.0,4.0,2.0,2.0,1.0,6.0,3.0,2.0,2.0,1.0,4.0,7.0,0.5714285714285714,,,,,,W,
TT011,Nap2,7,safety,Safety,1.0,5.0,1.0,1.0,2.0,4.0,2.0,1.0,5.0,4.0,10.0,17.0,0.5882352941176471,,,,,,W,
TT011,Nap2,8,no_rep,no rep,2.0,5.0,2.0,1.0,3.0,5.0,1.0,1.0,6.0,3.0,5.0,6.0,0.8333333333333334,,,,,,W,
TT011,Nap2,9,no_rep,no rep,2.0,6.0,2.0,3.0,1.0,5.0,2.0,1.0,6.0,2.0,5.0,5.0,1.0,,,,,,2,
TT011,Nap2,10,no_rep,no rep,1.0,6.0,1.0,1.0,2.0,5.0,3.0,2.0,6.0,3.0,3.0,6.0,0.5,,,,,,W,
TT011,Nap2,11,streak_reset,E3,4.0,2.0,2.0,3.0,1.0,5.0,2.0,2.0,4.0,1.0,3.0,4.0,0.75,,,,,,W,
TT011,Nap2,12,no_rep,no rep,2.0,5.0,2.0,3.0,2.0,6.0,2.0,2.0,6.0,3.0,5.0,7.0,0.7142857142857143,,,,,,2,
TT011,Nap2,13,no_rep,no rep,1.0,4.0,3.0,2.0,3.0,3.0,1.0,1.0,5.0,4.0,5.0,7.0,0.7142857142857143,,,,,,2,
TT011,Nap2,14,end,FIN,2.0,4.0,2.0,3.0,3.0,2.0,1.0,1.0,6.0,3.0,3.0,5.0,0.6,,,,,,W,
TT011,Wake1,1,end,fin,4.0,1.0,3.0,2.0,1.0,2.0,6.0,4.0,3.0,1.0,10.0,15.0,0.6666666666666666,,,,,,W,
TT011,Wake2,1,end,fin,5.0,2.0,5.0,3.0,2.0,3.0,4.0,4.0,2.0,2.0,11.0,15.0,0.7333333333333333,,,,,,W,
TT012,Nap1,1,no_rep,no rep,1.0,2.0,4.0,4.0,1.0,3.0,2.0,1.0,5.0,5.0,8.0,7.0,1.1428571428571428,26.5435,3.4564999999999984,,,0.75,2,
TT012,Nap2,1,streak_response,R3,3.0,4.0,3.0,2.0,2.0,6.0,3.0,1.0,2.0,3.0,1.8333333333333335,1.0,1.8333333333333335,34.9822,4.982199999999999,0.47946020689793684,,0.0,W,
TT012,Nap2,2,streak_response,R5,4.0,1.0,3.0,4.0,3.0,5.0,2.0,1.0,2.0,3.0,6.0,5.0,1.2,28.82724,1.83532,6.546262326474414,-0.024260000000004115,0.0,W,
TT012,Nap2,3,streak_reset,E3,2.0,1.0,1.0,2.0,2.0,5.0,1.0,1.0,5.0,5.0,11.0,6.0,1.8333333333333333,25.311933333333332,5.234466666666667,32.24261236039704,-7.441899999999997,0.5714285714285714,1,"ordi 406 éteint par une AS - retranscrire à posteriori - 7 sec entre chaque question +/-, mais grosses perturbations"
TT012,Nap2,4,streak_reset,E5,2.0,1.0,2.0,2.0,2.0,5.0,2.0,1.0,5.0,4.0,4.0,6.0,0.6666666666666666,58.4316,28.431600000000003,,,0.875,W,s'allonge sur sa gauche 
TT012,Nap2,5,no_rep,no rep,4.0,5.0,,4.0,1.0,5.0,1.0,1.0,6.0,5.0,5.0,6.0,0.8333333333333334,29.3511,0.6489000000000011,,,0.75,W,reset en mm tps que l'alarme
TT012,Nap2,6,no_rep,no rep,,,,,,,,,,,,63.0,,,,,,1.0,2,"Totalement endormi, EEG lent, ne répond plus à la probe, Ilo rentre en chambre à 15h33 pr le réveiller "
TT012,Nap2,7,streak_reset,E3,6.0,2.0,1.0,4.0,2.0,2.0,2.0,1.0,4.0,4.0,20.0,,,34.780575,13.617675,48.993282530352985,-12.908829999999998,0.5,W,
TT012,Nap2,8,streak_reset,E5,5.0,3.0,1.0,3.0,2.0,4.0,2.0,1.0,5.0,6.0,26.0,8.0,3.25,31.28925,1.2892499999999991,1.428032870815953,,0.75,W,Je viens de remarquer qu'il est posé sur son côté droit mais ensuite il s'est reposé au centre
TT012,Nap2,9,no_rep,no rep,,2.0,2.0,4.0,1.0,5.0,1.0,1.0,,5.0,20.0,8.0,2.5,,,,,1.0,2,De retour sur son côté droit
TT012,Nap2,10,no_rep,no rep,4.0,1.0,2.0,3.0,1.0,4.0,2.0,1.0,6.0,5.0,30.0,5.0,,47.0291,28.643699999999995,86.13456140250658,,0.3333333333333333,2,
TT012,Nap2,11,streak_reset,E3,4.0,1.0,1.0,5.0,2.0,6.0,2.0,1.0,4.0,5.0,6.0,4.0,1.5,21.569249999999997,10.503649999999999,68.8684320707496,,0.6,W,Gigotte bcp | FIN parce que perte de connexion avec l'ordi de la salle (ordi a redémarré)
TT012,Wake1,1,end,fin,3.0,4.0,2.0,2.0,2.0,1.0,5.0,2.0,3.0,4.0,12.0,16.0,0.75,28.94836666666667,1.7818333333333338,6.0171258747367675,-0.3361885714285713,0.0,W,
TT012,Wake2,1,end,fin,2.0,1.0,5.0,3.0,2.0,5.0,2.0,1.0,2.0,3.0,15.0,15.0,1.0,,,,,,,
